study_name,agent_,year_,type_,LO-count,GO-count,LO-H1-avg,LO-H1-std,LO-H2-avg,LO-H2-std,LO-H3-avg,LO-H3-std,GO-H1-avg,GO-H1-std,GO-H2-avg,GO-H2-std,GO-H3-avg,GO-H3-std,LO-F01,LO-F02,LO-F03,LO-F04,LO-F05,LO-F06,LO-F07,LO-F08,LO-F09,LO-F10,LO-F11,LO-F12,LO-F13,LO-F14,LO-F15,LO-F16,LO-F17,LO-F18,LO-F19,LO-F20,LO-F21,LO-F22,LO-F23,LO-F24,LO-F25,LO-F26,LO-F27,LO-F28,LO-F29,LO-F30,LO-F31,LO-F32,LO-F33,LO-F34,LO-F35,LO-F36,GO-F01,GO-F02,GO-F03,GO-F04,GO-F05,GO-F06,GO-F07,GO-F08,GO-F09,GO-F10,GO-F11,GO-F12,GO-F13,GO-F14,GO-F15,GO-F16,GO-F17,GO-F18,GO-F19,GO-F20,GO-F21,GO-F22,GO-F23,GO-F24,GO-F25,GO-F26,GO-F27,GO-F28,GO-F29,GO-F30,GO-F31,GO-F32,GO-F33,GO-F34,GO-F35,GO-F36
Attinger2017,deepseek-r1-distill-llama-70b,2017.0,empirical,23.0,23.0,0.71,0.17,0.833,0.082,0.8,0.141,0.7,0.173,0.844,0.107,0.8,0.187,0.8,0.6,0.4,,0.7,0.9,0.9,,0.8,0.5,0.9,0.6,0.8,0.8,0.7,0.9,0.8,1.0,,0.8,0.9,,0.8,,0.8,,0.8,,0.6,,,,,1.0,,,0.9,0.6,0.4,,0.8,0.8,0.8,,0.7,0.4,0.9,0.7,0.9,0.8,0.8,0.9,0.8,1.0,,0.6,0.9,,0.9,,0.8,,0.9,,0.5,,,,,1.0,,
Attinger2017,gemma-3-27b,2017.0,empirical,23.0,22.0,0.4,0.176,0.575,0.043,0.25,0.087,0.44,0.206,0.562,0.048,0.25,0.15,0.6,0.6,0.6,0.3,0.1,0.5,0.2,,0.5,0.3,0.5,0.2,0.5,0.6,0.6,,0.6,0.6,0.5,,0.6,,0.6,,0.4,,0.2,,,0.2,,,,,0.2,,0.7,0.5,0.6,,0.1,0.6,0.3,,0.6,0.2,0.6,0.2,0.5,0.6,0.6,,0.5,0.6,0.6,,0.5,,0.6,,0.5,,0.1,,,0.2,,,,,0.2,
Attinger2017,gemma-4-31b,2017.0,empirical,,,,,,,,,,,,,,,,,,,,,,,,,,,,,,,,,,,,,,,,,,,,,,,,,,,,,,,,,,,,,,,,,,,,,,,,,,,,,,,,,,,,,,
Attinger2017,gpt-oss-claude-4.5-sonnet,2017.0,empirical,22.0,22.0,0.56,0.326,0.689,0.292,0.267,0.094,0.6,0.322,0.644,0.306,0.267,0.094,1.0,0.1,0.6,,0.2,0.9,0.6,,0.7,0.3,1.0,0.2,,0.6,0.5,,0.9,1.0,0.3,0.7,1.0,,1.0,0.2,,,,,,,0.2,,0.4,,,0.2,1.0,0.2,0.6,,0.2,1.0,0.6,,0.8,0.4,1.0,0.2,,0.6,0.6,,0.8,1.0,0.1,0.6,1.0,,0.9,0.2,,,,,,,0.2,,0.4,,,0.2
Attinger2017,gpt-oss-safeguard-120b,2017.0,empirical,,,,,,,,,,,,,,,,,,,,,,,,,,,,,,,,,,,,,,,,,,,,,,,,,,,,,,,,,,,,,,,,,,,,,,,,,,,,,,,,,,,,,,
Attinger2017,mistral-nemo-12b-thinking,2017.0,empirical,32.0,32.0,0.817,0.162,0.933,0.111,1.0,0.0,0.633,0.278,0.75,0.096,0.7,0.071,0.7,1.0,0.9,0.9,1.0,0.7,0.7,0.5,0.7,1.0,1.0,0.7,1.0,1.0,0.9,0.6,1.0,1.0,1.0,1.0,1.0,0.9,0.9,0.9,1.0,1.0,1.0,1.0,1.0,,1.0,1.0,1.0,,,,0.5,-0.2,0.8,0.6,0.8,0.7,0.8,0.7,0.9,0.8,0.7,0.5,0.9,0.8,0.7,0.5,0.8,0.8,0.8,0.7,0.7,0.7,0.8,0.8,0.7,0.8,0.6,0.6,0.7,,0.7,0.8,0.7,,,
Attinger2017,olmo-3-32b-think,2017.0,empirical,15.0,15.0,0.844,0.259,0.975,0.043,0.4,0.2,0.867,0.267,0.975,0.043,0.4,0.2,0.9,0.6,1.0,0.2,,1.0,,,1.0,1.0,1.0,0.9,,,,,1.0,0.9,,,1.0,,1.0,,,,,,,,,,0.6,0.2,,,1.0,0.6,1.0,0.2,,1.0,,,1.0,1.0,1.0,1.0,,,,,0.9,1.0,,,1.0,,1.0,,,,,,,,,,0.6,0.2,,
Attinger2017,phi-4-reasoning-plus,2017.0,empirical,21.0,18.0,0.656,0.117,0.614,0.125,0.64,0.08,0.675,0.097,0.6,0.058,0.575,0.043,0.9,0.5,0.7,,,0.6,0.6,,0.6,0.6,0.8,0.6,0.8,,,,0.5,0.8,,0.6,0.5,0.6,0.5,,0.8,,,,0.6,,,,0.6,0.6,0.6,,0.8,0.6,0.6,,,0.8,0.6,,0.6,0.6,0.8,,0.6,,,,0.6,0.7,,,0.6,0.6,0.5,,,,,,0.5,,,,0.6,0.6,0.6,
Attinger2017,qwen3-14b-gemini-3-pro,2017.0,empirical,11.0,14.0,0.62,0.431,0.967,0.047,0.0,0.0,0.125,0.685,0.8,0.153,0.0,0.0,1.0,,0.8,,,,,,0.9,0.6,,-0.2,1.0,,,,0.9,0.9,,1.0,1.0,,1.0,,,,,,,,,,,,,,1.0,,0.8,-0.2,-0.6,,,,0.8,0.4,-0.2,-1.0,0.6,,,,0.7,1.0,,0.7,0.8,,1.0,,,,,,,,,,,,,
Attinger2017,qwen3.5-40b-claude-4.5-opus,2017.0,empirical,23.0,23.0,0.61,0.197,0.586,0.28,0.55,0.206,0.56,0.22,0.5,0.2,0.467,0.243,0.8,0.4,0.8,0.3,,0.7,0.4,,0.8,0.4,0.7,0.8,0.9,0.3,,,0.6,1.0,,0.2,0.4,,0.7,,0.5,,,,,0.8,,0.3,0.6,0.8,0.3,,0.8,0.3,0.8,0.3,,0.6,0.3,,0.8,0.3,0.7,0.7,0.7,0.2,,,0.4,0.8,,0.3,0.5,,0.6,,0.2,,,,,0.8,,0.3,0.4,0.8,0.3,
Bakhtiari2021,deepseek-r1-distill-llama-70b,2021.0,empirical,,,,,,,,,,,,,,,,,,,,,,,,,,,,,,,,,,,,,,,,,,,,,,,,,,,,,,,,,,,,,,,,,,,,,,,,,,,,,,,,,,,,,,
Bakhtiari2021,gemma-3-27b,2021.0,empirical,6.0,6.0,0.25,0.05,0.6,0.0,0.0,0.0,0.2,0.0,0.4,0.0,0.0,0.0,,,,,,0.3,,,,0.2,,,,0.6,0.6,,0.6,,,,,,0.6,,,,,,,,,,,,,,,,,,,0.2,,,,0.2,,,,0.4,0.4,,0.4,,,,,,0.4,,,,,,,,,,,,,
Bakhtiari2021,gemma-4-31b,2021.0,empirical,,,,,,,,,,,,,,,,,,,,,,,,,,,,,,,,,,,,,,,,,,,,,,,,,,,,,,,,,,,,,,,,,,,,,,,,,,,,,,,,,,,,,,
Bakhtiari2021,gpt-oss-claude-4.5-sonnet,2021.0,empirical,,,,,,,,,,,,,,,,,,,,,,,,,,,,,,,,,,,,,,,,,,,,,,,,,,,,,,,,,,,,,,,,,,,,,,,,,,,,,,,,,,,,,,
Bakhtiari2021,gpt-oss-safeguard-120b,2021.0,empirical,,,,,,,,,,,,,,,,,,,,,,,,,,,,,,,,,,,,,,,,,,,,,,,,,,,,,,,,,,,,,,,,,,,,,,,,,,,,,,,,,,,,,,
Bakhtiari2021,mistral-nemo-12b-thinking,2021.0,empirical,,,,,,,,,,,,,,,,,,,,,,,,,,,,,,,,,,,,,,,,,,,,,,,,,,,,,,,,,,,,,,,,,,,,,,,,,,,,,,,,,,,,,,
Bakhtiari2021,olmo-3-32b-think,2021.0,empirical,11.0,11.0,0.2,0.0,0.583,0.241,0.4,0.2,0.2,0.0,0.333,0.111,0.45,0.25,,,,0.2,,0.2,,,,0.2,,,,,,,0.7,0.3,0.3,0.6,0.6,,1.0,,,,,,,0.6,,,,0.2,,,,,,0.2,,0.2,,,,0.2,,,,,,,0.4,0.3,0.1,0.4,0.4,,0.4,,,,,,,0.7,,,,0.2,,
Bakhtiari2021,phi-4-reasoning-plus,2021.0,empirical,3.0,3.0,0.0,0.0,0.0,0.0,0.2,0.0,0.0,0.0,0.0,0.0,0.233,0.047,,,,,,,,,,,,,,,,,,,,,,,,,,,,,0.2,,,,,0.2,0.2,,,,,,,,,,,,,,,,,,,,,,,,,,,,,,0.3,,,,,0.2,0.2,
Bakhtiari2021,qwen3-14b-gemini-3-pro,2021.0,empirical,,,,,,,,,,,,,,,,,,,,,,,,,,,,,,,,,,,,,,,,,,,,,,,,,,,,,,,,,,,,,,,,,,,,,,,,,,,,,,,,,,,,,,
Bakhtiari2021,qwen3.5-40b-claude-4.5-opus,2021.0,empirical,,,,,,,,,,,,,,,,,,,,,,,,,,,,,,,,,,,,,,,,,,,,,,,,,,,,,,,,,,,,,,,,,,,,,,,,,,,,,,,,,,,,,,
Bastos2012,deepseek-r1-distill-llama-70b,2012.0,other,33.0,33.0,0.7,0.1,0.733,0.125,0.744,0.083,0.7,0.071,0.733,0.085,0.778,0.079,0.9,0.6,0.7,0.8,0.7,0.8,0.7,0.6,0.5,0.7,0.7,0.7,0.9,0.6,0.5,0.8,0.7,0.9,0.6,0.9,0.7,0.7,0.7,0.8,0.7,0.8,0.7,0.8,0.7,,0.6,0.8,0.7,0.9,,,0.8,0.6,0.7,0.6,0.7,0.8,0.7,0.7,0.6,0.7,0.7,0.8,0.8,0.7,0.6,0.9,0.7,0.7,0.7,0.7,0.7,0.7,0.7,0.9,0.8,0.7,0.8,0.9,0.8,,0.7,0.7,0.7,0.9,,
Bastos2012,gemma-3-27b,2012.0,other,27.0,26.0,0.51,0.207,0.591,0.193,0.417,0.261,0.489,0.197,0.609,0.211,0.367,0.236,0.6,0.6,0.6,0.8,0.5,0.8,0.2,0.3,,0.2,0.5,,0.5,0.6,0.5,0.2,0.6,0.8,0.7,0.8,0.3,,0.7,0.8,0.9,0.2,0.2,,,0.6,,,,0.4,0.2,,0.6,0.6,0.6,,0.5,0.8,0.2,0.3,,0.2,0.6,,0.6,0.6,0.6,0.1,0.7,0.8,0.9,0.7,0.4,,0.5,0.8,0.8,0.2,0.1,,,0.5,,,,0.4,0.2,
Bastos2012,gemma-4-31b,2012.0,other,,,,,,,,,,,,,,,,,,,,,,,,,,,,,,,,,,,,,,,,,,,,,,,,,,,,,,,,,,,,,,,,,,,,,,,,,,,,,,,,,,,,,,
Bastos2012,gpt-oss-claude-4.5-sonnet,2012.0,other,10.0,10.0,0.0,0.0,0.45,0.112,0.0,0.0,0.0,0.0,0.46,0.12,0.0,0.0,,,,,,,,,,,,,,0.5,0.3,0.5,0.4,0.5,0.4,0.7,0.5,,0.3,0.4,,,,,,,,,,,,,,,,,,,,,,,,,,0.4,0.4,0.5,0.3,0.7,0.5,0.6,0.3,,0.5,0.4,,,,,,,,,,,,
Bastos2012,gpt-oss-safeguard-120b,2012.0,other,,,,,,,,,,,,,,,,,,,,,,,,,,,,,,,,,,,,,,,,,,,,,,,,,,,,,,,,,,,,,,,,,,,,,,,,,,,,,,,,,,,,,,
Bastos2012,mistral-nemo-12b-thinking,2012.0,other,5.0,3.0,0.76,0.136,0.0,0.0,0.0,0.0,0.8,0.082,0.0,0.0,0.0,0.0,0.9,0.9,0.6,,,0.8,,0.6,,,,,,,,,,,,,,,,,,,,,,,,,,,,,,,,,,,,,0.8,0.7,0.9,,,,,,,,,,,,,,,,,,,,,,,,,
Bastos2012,olmo-3-32b-think,2012.0,other,2.0,2.0,0.6,0.0,0.0,0.0,0.0,0.0,0.6,0.0,0.0,0.0,0.0,0.0,,,0.6,0.6,,,,,,,,,,,,,,,,,,,,,,,,,,,,,,,,,,,0.6,0.6,,,,,,,,,,,,,,,,,,,,,,,,,,,,,,,,
Bastos2012,phi-4-reasoning-plus,2012.0,other,36.0,36.0,0.458,0.281,0.742,0.104,0.675,0.13,0.467,0.262,0.692,0.104,0.683,0.121,0.1,0.2,0.8,0.7,0.2,0.9,0.4,0.5,0.2,0.7,0.7,0.1,0.9,0.7,0.6,0.7,0.6,0.7,0.8,0.8,0.9,0.6,0.8,0.8,1.0,0.8,0.6,0.6,0.5,0.8,0.7,0.6,0.6,0.7,0.6,0.6,0.2,0.2,0.8,0.6,0.2,1.0,0.4,0.6,0.2,0.6,0.6,0.2,0.7,0.6,0.6,0.6,0.6,0.8,0.8,0.9,0.8,0.6,0.6,0.7,0.9,0.9,0.7,0.6,0.5,0.8,0.6,0.7,0.6,0.7,0.6,0.6
Bastos2012,qwen3-14b-gemini-3-pro,2012.0,other,14.0,14.0,0.68,0.248,0.762,0.122,1.0,0.0,0.56,0.388,0.725,0.164,0.9,0.0,,,0.9,,0.8,0.2,,,,0.7,0.8,,,,,0.6,0.9,0.9,0.6,0.7,0.9,,0.7,0.8,1.0,,,,,,,,,,,,,,0.8,-0.2,,0.6,,,,0.8,0.8,,,,,0.5,0.8,0.6,0.6,0.9,0.8,,0.6,1.0,0.9,,,,,,,,,,,
Bastos2012,qwen3.5-40b-claude-4.5-opus,2012.0,other,32.0,32.0,0.633,0.105,0.717,0.211,0.591,0.108,0.567,0.141,0.667,0.189,0.545,0.137,0.7,,0.7,0.6,,0.8,0.6,0.6,,0.7,0.6,0.4,1.0,0.7,0.4,0.6,0.7,0.8,0.7,0.7,0.7,0.3,1.0,1.0,0.8,0.6,0.7,0.6,0.5,0.7,0.5,0.4,0.5,0.6,0.6,,0.6,,0.7,0.4,,0.8,0.5,0.4,,0.7,0.6,0.4,0.8,0.6,0.4,0.5,0.8,0.8,0.8,0.7,0.6,0.3,1.0,0.7,0.7,0.5,0.6,0.6,0.4,0.8,0.5,0.3,0.4,0.6,0.6,
Bastos2020,deepseek-r1-distill-llama-70b,2020.0,empirical,18.0,18.0,0.171,0.724,0.683,0.09,0.6,0.0,0.143,0.746,0.767,0.094,0.64,0.049,0.7,,,-1.0,-0.9,0.7,0.3,0.8,,,0.6,,0.7,,,0.7,,0.7,,0.5,0.7,,,0.8,0.6,,0.6,0.6,0.6,,,,0.6,,,,0.8,,,-1.0,-1.0,0.6,0.2,0.8,,,0.6,,0.8,,,0.8,,0.7,,0.6,0.8,,,0.9,0.7,,0.6,0.7,0.6,,,,0.6,,,
Bastos2020,gemma-3-27b,2020.0,empirical,25.0,25.0,0.42,0.26,0.4,0.249,0.275,0.083,0.41,0.262,0.364,0.231,0.275,0.083,0.2,0.2,0.2,0.6,0.7,0.8,0.1,0.8,,0.3,0.3,,0.6,0.2,0.2,0.6,0.3,0.9,0.1,0.7,0.4,,0.2,0.2,0.3,,0.4,,,0.2,,,,0.2,,,0.2,0.2,0.2,0.6,0.8,0.8,0.2,0.7,,0.2,0.2,,0.6,0.2,0.2,0.7,0.2,0.7,0.1,0.6,0.4,,0.1,0.2,0.4,,0.3,,,0.2,,,,0.2,,
Bastos2020,gemma-4-31b,2020.0,empirical,,,,,,,,,,,,,,,,,,,,,,,,,,,,,,,,,,,,,,,,,,,,,,,,,,,,,,,,,,,,,,,,,,,,,,,,,,,,,,,,,,,,,,
Bastos2020,gpt-oss-claude-4.5-sonnet,2020.0,empirical,,,,,,,,,,,,,,,,,,,,,,,,,,,,,,,,,,,,,,,,,,,,,,,,,,,,,,,,,,,,,,,,,,,,,,,,,,,,,,,,,,,,,,
Bastos2020,gpt-oss-safeguard-120b,2020.0,empirical,,,,,,,,,,,,,,,,,,,,,,,,,,,,,,,,,,,,,,,,,,,,,,,,,,,,,,,,,,,,,,,,,,,,,,,,,,,,,,,,,,,,,,
Bastos2020,mistral-nemo-12b-thinking,2020.0,empirical,0.0,17.0,0.0,0.0,0.0,0.0,0.0,0.0,0.483,0.09,0.583,0.069,0.5,0.063,,,,,,,,,,,,,,,,,,,,,,,,,,,,,,,,,,,,,0.6,,0.5,,0.3,,0.5,,0.5,,0.5,,0.6,,0.5,,0.7,,0.6,,0.6,,0.5,,0.4,,0.5,,0.5,,0.6,,0.5,,,
Bastos2020,olmo-3-32b-think,2020.0,empirical,17.0,17.0,0.438,0.296,0.75,0.076,0.467,0.189,0.45,0.26,0.7,0.115,0.5,0.216,0.1,,0.6,0.2,0.1,0.8,0.2,0.8,,,0.7,,,,,0.9,0.7,0.7,,0.8,0.7,,0.7,,,,,,,0.6,,,0.2,0.6,,,0.2,,0.6,0.2,0.2,0.8,0.2,0.8,,,0.6,,,,,0.7,0.6,0.8,,0.9,0.6,,0.6,,,,,,,0.7,,,0.2,0.6,,
Bastos2020,phi-4-reasoning-plus,2020.0,empirical,25.0,25.0,0.371,0.139,0.856,0.068,0.633,0.163,0.571,0.198,0.456,0.15,0.656,0.183,,,0.6,0.3,0.2,0.4,0.5,0.4,,,0.2,,0.9,,,0.9,0.8,0.8,,0.9,0.8,0.8,0.8,1.0,0.7,0.5,0.8,0.6,0.8,0.3,,,0.5,0.8,0.7,,,,0.6,0.3,0.4,0.8,0.5,0.9,,,0.5,,0.3,,,0.5,0.4,0.5,,0.5,0.3,0.8,0.5,0.3,0.8,0.5,0.8,0.6,0.9,0.3,,,0.5,0.8,0.7,
Bastos2020,qwen3-14b-gemini-3-pro,2020.0,empirical,11.0,11.0,0.9,0.071,0.957,0.049,0.0,0.0,0.95,0.087,0.971,0.045,0.0,0.0,,,,0.8,0.9,1.0,,0.9,,,,,0.9,,,0.9,0.9,,,1.0,1.0,,1.0,1.0,,,,,,,,,,,,,,,,0.8,1.0,1.0,,1.0,,,,,1.0,,,0.9,0.9,,,1.0,1.0,,1.0,1.0,,,,,,,,,,,,
Bastos2020,qwen3.5-40b-claude-4.5-opus,2020.0,empirical,28.0,29.0,0.717,0.146,0.742,0.218,0.59,0.234,0.457,0.399,0.708,0.189,0.58,0.223,,,0.7,0.5,,0.9,0.7,0.9,,,0.6,,0.8,0.7,0.7,0.8,0.9,0.9,0.2,0.9,0.8,0.4,1.0,0.8,0.7,0.8,0.7,0.6,0.8,0.6,0.2,0.1,0.6,0.8,,,,,0.8,-0.1,-0.2,0.8,0.5,0.8,,,0.6,,0.8,0.7,0.7,0.7,0.7,0.8,0.2,0.8,0.8,0.5,1.0,0.8,0.7,0.7,0.7,0.7,0.6,0.7,0.2,0.1,0.6,0.8,,
Bekinschtein2009,deepseek-r1-distill-llama-70b,2009.0,empirical,12.0,10.0,0.5,0.141,0.65,0.173,0.4,0.0,0.525,0.259,0.58,0.117,0.4,0.0,,,,0.6,0.6,0.3,,,,,,,0.9,0.7,,0.5,0.6,,,0.8,0.7,,0.7,0.3,,,0.4,,,,,,,,,,,,,,,0.1,0.8,,,0.6,0.6,,,,,0.4,,,,,0.5,0.7,0.6,0.7,,,0.4,,,,,,,,,
Bekinschtein2009,gemma-3-27b,2009.0,empirical,11.0,19.0,0.425,0.238,0.343,0.199,0.0,0.0,0.486,0.259,0.543,0.105,0.38,0.194,,,,0.3,0.6,0.7,,,,0.1,,,0.6,,,,0.4,0.2,0.1,,0.4,,0.6,0.1,,,,,,,,,,,,,,,,0.6,0.8,0.6,,0.2,0.2,0.8,,0.2,0.6,,,,0.3,0.6,0.5,,0.6,,0.6,0.6,0.3,0.2,0.5,,,0.7,,,,0.2,,
Bekinschtein2009,gemma-4-31b,2009.0,empirical,,,,,,,,,,,,,,,,,,,,,,,,,,,,,,,,,,,,,,,,,,,,,,,,,,,,,,,,,,,,,,,,,,,,,,,,,,,,,,,,,,,,,,
Bekinschtein2009,gpt-oss-claude-4.5-sonnet,2009.0,empirical,28.0,0.0,0.5,0.148,0.7,0.171,-0.467,0.149,0.0,0.0,0.0,0.0,0.0,0.0,0.6,0.7,0.5,0.5,0.6,0.7,0.5,0.5,,0.4,0.3,0.2,,0.8,0.9,0.9,0.8,0.6,0.7,0.8,0.7,0.5,0.7,0.3,,,,,,-0.4,-0.6,-0.6,-0.4,-0.2,,-0.6,,,,,,,,,,,,,,,,,,,,,,,,,,,,,,,,,,,,
Bekinschtein2009,gpt-oss-safeguard-120b,2009.0,empirical,,,,,,,,,,,,,,,,,,,,,,,,,,,,,,,,,,,,,,,,,,,,,,,,,,,,,,,,,,,,,,,,,,,,,,,,,,,,,,,,,,,,,,
Bekinschtein2009,mistral-nemo-12b-thinking,2009.0,empirical,5.0,6.0,0.8,0.0,0.9,0.1,0.9,0.0,0.675,0.217,1.0,0.0,0.0,0.0,,0.8,,,,,,,0.8,,,,,1.0,,0.8,,,,,,,,,,,,,,,0.9,,,,,,0.8,,,,,,,,,0.8,0.8,0.3,,,,,,,,1.0,1.0,,,,,,,,,,,,,,,
Bekinschtein2009,olmo-3-32b-think,2009.0,empirical,,,,,,,,,,,,,,,,,,,,,,,,,,,,,,,,,,,,,,,,,,,,,,,,,,,,,,,,,,,,,,,,,,,,,,,,,,,,,,,,,,,,,,
Bekinschtein2009,phi-4-reasoning-plus,2009.0,empirical,11.0,8.0,0.65,0.05,0.729,0.191,0.5,0.1,0.6,0.0,0.1,0.704,0.733,0.189,,,,0.6,0.7,,,,,,,,1.0,,,,0.9,,,0.5,0.9,0.6,0.5,0.7,,,0.6,,,,,,,0.4,,,,,,,,,,,,0.6,,,-0.6,,,,-0.6,,,,,0.7,,0.9,,,0.6,,,,,,0.6,1.0,,
Bekinschtein2009,qwen3-14b-gemini-3-pro,2009.0,empirical,6.0,11.0,0.325,0.589,0.85,0.05,0.0,0.0,0.28,0.776,0.333,0.65,0.0,0.0,0.3,,,-0.6,1.0,,,,,0.6,,,0.9,,,,,,,,0.8,,,,,,,,,,,,,,,,-0.2,,,1.0,-1.0,,,,0.6,1.0,,,-1.0,,,,0.8,,,,0.9,0.5,0.7,0.1,,,,,,,,,,,,
Bekinschtein2009,qwen3.5-40b-claude-4.5-opus,2009.0,empirical,13.0,16.0,0.6,0.187,0.617,0.09,0.5,0.163,0.44,0.15,0.35,0.222,0.52,0.24,,,,0.6,0.9,0.5,,,,0.4,,,0.7,0.6,,,0.7,,,,0.5,,0.7,0.5,,0.3,,,0.7,,,,,0.5,,,,,,0.4,,0.5,,,0.3,0.7,,0.3,,0.3,,0.1,,0.4,,0.2,,0.3,,0.8,,0.4,0.7,,0.7,,,0.1,,0.7,,
Chao2018,deepseek-r1-distill-llama-70b,2019.0,empirical,25.0,25.0,0.743,0.073,0.864,0.048,0.886,0.125,0.429,0.44,-0.236,0.048,0.729,0.399,,,,0.8,0.7,0.8,0.6,0.8,,0.7,0.8,,0.9,,0.8,0.9,0.8,0.9,0.9,0.9,0.9,0.8,0.8,0.9,1.0,0.9,0.9,1.0,1.0,,,,0.7,0.7,,,,,,0.7,0.7,0.9,0.6,0.6,,-0.2,-0.3,,-0.2,,-0.2,-0.2,-0.3,-0.2,-0.3,-0.2,-0.2,-0.2,-0.3,-0.3,-0.2,1.0,0.9,1.0,1.0,,,,0.7,0.7,,
Chao2018,gemma-3-27b,2019.0,empirical,26.0,26.0,0.56,0.206,0.636,0.123,0.38,0.16,0.34,0.338,-0.273,0.045,0.28,0.264,0.7,0.7,0.7,0.6,0.6,0.8,0.2,0.2,,0.4,0.7,,0.7,0.7,0.7,0.4,0.7,0.6,0.7,0.7,0.6,,0.8,0.4,0.2,0.2,0.6,,,0.5,,,,0.4,,,0.6,0.6,0.6,0.1,0.6,0.8,0.2,0.3,,-0.2,-0.2,,-0.3,-0.3,-0.2,-0.3,-0.3,-0.3,-0.3,-0.3,-0.2,,-0.3,-0.2,-0.2,0.2,0.5,,,0.5,,,,0.4,,
Chao2018,gemma-4-31b,2019.0,empirical,,,,,,,,,,,,,,,,,,,,,,,,,,,,,,,,,,,,,,,,,,,,,,,,,,,,,,,,,,,,,,,,,,,,,,,,,,,,,,,,,,,,,,
Chao2018,gpt-oss-claude-4.5-sonnet,2019.0,empirical,19.0,19.0,0.567,0.356,0.867,0.137,-0.25,0.779,0.444,0.495,-0.233,0.047,-0.275,0.766,1.0,,,0.6,0.2,1.0,0.7,1.0,0.1,0.2,0.3,,,,,1.0,0.9,,,0.9,1.0,0.6,0.8,,,,,,,0.2,-1.0,-1.0,,0.8,,,1.0,,,0.6,0.2,1.0,0.6,1.0,0.2,-0.3,-0.3,,,,,-0.3,-0.2,,,-0.2,-0.2,-0.3,-0.2,,,,,,,0.1,-1.0,-1.0,,0.8,,
Chao2018,gpt-oss-safeguard-120b,2019.0,empirical,,,,,,,,,,,,,,,,,,,,,,,,,,,,,,,,,,,,,,,,,,,,,,,,,,,,,,,,,,,,,,,,,,,,,,,,,,,,,,,,,,,,,,
Chao2018,mistral-nemo-12b-thinking,2019.0,empirical,32.0,32.0,0.4,0.204,0.567,0.262,0.55,0.218,0.017,0.339,-0.242,0.049,0.175,0.356,0.3,0.2,0.3,0.7,0.5,0.8,0.2,0.4,0.3,0.6,0.1,0.4,0.9,0.2,0.3,0.7,0.7,0.5,0.3,0.7,0.5,0.2,0.8,1.0,0.6,0.8,0.6,0.2,0.6,,0.2,0.8,0.6,,,,-0.2,-0.2,0.4,-0.2,0.4,0.6,-0.4,0.2,0.4,-0.2,-0.3,-0.3,-0.2,-0.2,-0.3,-0.3,-0.3,-0.3,-0.2,-0.2,-0.2,-0.2,-0.2,-0.3,-0.2,-0.2,0.5,-0.1,0.6,,-0.2,0.6,0.4,,,
Chao2018,olmo-3-32b-think,2019.0,empirical,10.0,10.0,0.55,0.05,0.967,0.047,0.8,0.2,0.2,0.4,-0.2,0.0,0.75,0.15,,,,,,,,0.6,,0.5,,,,,,1.0,0.9,1.0,,,0.9,1.0,1.0,,,,,,,1.0,,,,0.6,,,,,,,,,,0.6,,-0.2,,,,,,-0.2,-0.2,-0.2,,,-0.2,-0.2,-0.2,,,,,,,0.9,,,,0.6,,
Chao2018,phi-4-reasoning-plus,2019.0,empirical,21.0,20.0,0.529,0.103,0.562,0.453,0.7,0.153,0.317,0.463,-0.262,0.099,0.7,0.191,,,,0.6,0.6,0.5,0.3,0.5,,0.6,,0.6,0.8,,,0.9,0.6,,,-0.6,0.8,0.6,0.6,0.8,,0.6,0.8,,0.6,,,0.6,0.6,1.0,,,,,,1.0,,0.6,0.2,0.6,,-0.3,,-0.2,-0.2,,,-0.2,-0.2,,,-0.5,-0.2,-0.3,-0.3,-0.2,,0.5,0.9,,0.6,,,0.5,0.7,1.0,,
Chao2018,qwen3-14b-gemini-3-pro,2019.0,empirical,13.0,14.0,0.3,0.0,0.75,0.1,0.65,0.087,0.733,0.094,-0.214,0.035,0.7,0.071,,,,,,,,0.3,,,,,0.9,,,0.8,0.6,0.8,,0.8,0.6,,0.7,0.8,,,0.6,,0.6,,,0.6,,0.8,,,,,,0.8,0.6,,,0.8,,,,,,,,-0.2,-0.2,-0.2,,-0.2,-0.2,,-0.2,-0.3,,,0.6,,0.7,,,0.7,,0.8,,
Chao2018,qwen3.5-40b-claude-4.5-opus,2019.0,empirical,20.0,20.0,0.114,0.391,0.775,0.171,0.56,0.08,0.057,0.462,-0.213,0.033,0.62,0.16,,,-0.2,0.5,-0.2,0.8,0.3,,,-0.3,,-0.1,1.0,,,0.9,0.7,,,0.5,0.7,0.6,1.0,0.8,,0.4,0.6,,,0.6,,,0.6,0.6,,,,,-0.2,-0.6,,0.6,0.2,0.8,,-0.2,,-0.2,-0.2,,,-0.2,-0.2,,,-0.2,-0.2,-0.3,-0.2,-0.2,,0.4,0.9,,,0.6,,,0.6,0.6,,
Friston2010,deepseek-r1-distill-llama-70b,2010.0,other,29.0,29.0,0.63,0.173,0.655,0.13,0.6,0.158,0.64,0.102,0.664,0.107,0.6,0.158,0.9,0.6,0.8,0.7,0.6,0.8,0.6,,0.4,0.6,0.3,,0.8,0.5,0.8,0.6,0.7,0.5,0.4,0.7,0.8,,0.7,0.7,0.2,0.6,0.7,,0.7,,0.6,0.6,0.7,0.7,,,0.6,0.8,0.6,0.6,0.7,0.7,0.7,,0.4,0.7,0.6,,0.8,0.6,0.8,0.6,0.6,0.5,0.5,0.7,0.8,,0.7,0.7,0.2,0.7,0.6,,0.6,,0.6,0.7,0.7,0.7,,
Friston2010,gemma-3-27b,2010.0,other,9.0,13.0,0.25,0.087,0.14,0.049,0.0,0.0,0.35,0.218,0.36,0.206,0.6,0.071,,,,0.2,0.4,0.2,,,,0.2,,,0.2,,,,0.1,,,,0.1,,0.2,0.1,,,,,,,,,,,,,,,,0.1,0.3,0.3,,,,0.7,,,0.6,,,,0.2,,,,0.1,,0.6,0.3,0.5,0.6,0.7,,,0.6,,,,,,
Friston2010,gemma-4-31b,2010.0,other,,,,,,,,,,,,,,,,,,,,,,,,,,,,,,,,,,,,,,,,,,,,,,,,,,,,,,,,,,,,,,,,,,,,,,,,,,,,,,,,,,,,,,
Friston2010,gpt-oss-claude-4.5-sonnet,2010.0,other,23.0,23.0,0.433,0.094,0.582,0.094,0.0,0.0,0.558,0.161,0.736,0.155,0.0,0.0,0.3,0.5,0.5,0.3,0.4,0.5,0.5,0.4,0.3,0.5,0.6,0.4,,0.7,0.6,0.6,0.5,0.6,0.5,0.7,0.6,0.5,0.7,0.4,,,,,,,,,,,,,0.6,0.6,0.6,0.2,0.3,0.7,0.6,0.5,0.5,0.8,0.7,0.6,,0.8,0.8,0.7,0.6,0.9,0.7,0.8,0.8,0.4,1.0,0.6,,,,,,,,,,,,
Friston2010,gpt-oss-safeguard-120b,2010.0,other,,,,,,,,,,,,,,,,,,,,,,,,,,,,,,,,,,,,,,,,,,,,,,,,,,,,,,,,,,,,,,,,,,,,,,,,,,,,,,,,,,,,,,
Friston2010,mistral-nemo-12b-thinking,2010.0,other,7.0,7.0,0.986,0.035,0.0,0.0,0.0,0.0,1.0,0.0,0.0,0.0,0.0,0.0,1.0,1.0,1.0,1.0,1.0,1.0,0.9,,,,,,,,,,,,,,,,,,,,,,,,,,,,,,1.0,1.0,1.0,1.0,1.0,1.0,1.0,,,,,,,,,,,,,,,,,,,,,,,,,,,,,
Friston2010,olmo-3-32b-think,2010.0,other,17.0,17.0,0.75,0.265,0.883,0.134,0.467,0.189,0.75,0.278,0.867,0.189,0.433,0.17,1.0,1.0,0.9,0.2,,1.0,0.7,,,0.6,0.6,,,,,,0.7,1.0,1.0,0.9,0.7,,1.0,,,,,,,0.6,,,0.2,0.6,,,1.0,1.0,1.0,0.2,,1.0,0.6,,,0.6,0.6,,,,,,0.6,1.0,1.0,1.0,0.6,,1.0,,,,,,,0.5,,,0.2,0.6,,
Friston2010,phi-4-reasoning-plus,2010.0,other,14.0,14.0,0.62,0.04,0.56,0.049,0.675,0.083,0.62,0.04,0.62,0.04,0.7,0.071,,,0.6,,,0.6,0.6,,,0.6,0.7,,0.6,,,,0.5,,,0.6,,,0.5,0.6,,0.6,0.7,,,,,,0.6,0.8,,,,,0.6,,,0.6,0.6,,,0.7,0.6,,0.6,,,,0.6,,,0.6,,,0.7,0.6,,0.7,0.7,,,,,,0.6,0.8,,
Friston2010,qwen3-14b-gemini-3-pro,2010.0,other,9.0,9.0,0.45,0.35,0.65,0.05,0.72,0.204,0.6,0.2,0.65,0.05,0.76,0.206,,,,,,,,,0.1,0.8,,,,,,,0.6,,,,,,,0.7,,0.6,0.4,,0.8,,,,0.8,1.0,,,,,,,,,,,0.4,0.8,,,,,,,0.6,,,,,,,0.7,,0.7,0.4,,0.9,,,,0.8,1.0,,
Friston2010,qwen3.5-40b-claude-4.5-opus,2010.0,other,28.0,24.0,0.456,0.157,0.56,0.211,0.444,0.117,0.438,0.173,0.533,0.245,0.586,0.164,0.7,0.5,0.4,0.4,,0.4,0.5,0.2,,0.7,,0.3,,0.5,0.5,0.3,0.7,0.7,,0.9,0.6,0.2,0.8,0.4,0.7,0.5,0.4,0.3,0.4,,0.5,0.3,0.4,0.5,,,0.7,0.6,0.2,0.4,,0.4,,0.2,,0.6,0.4,,0.8,,0.4,0.2,0.6,0.5,,0.9,0.4,,0.8,0.2,0.7,,0.7,0.4,0.6,,0.8,0.3,,0.6,,
Furutachi2024,deepseek-r1-distill-llama-70b,2024.0,empirical,30.0,30.0,0.67,0.155,0.755,0.078,0.667,0.094,0.58,0.271,-0.145,0.05,0.667,0.094,0.5,,0.6,0.9,0.6,0.7,0.7,,1.0,0.6,0.5,0.6,0.9,0.8,0.6,0.7,0.8,0.8,,0.8,0.7,0.7,0.7,0.8,0.6,0.6,0.8,0.6,0.8,,0.6,0.6,0.8,0.6,,,0.6,,0.6,0.8,0.4,0.7,0.6,,1.0,0.6,0.6,-0.1,-0.1,-0.2,-0.1,-0.2,-0.1,-0.1,,-0.1,-0.2,-0.1,-0.2,-0.2,0.7,0.6,0.7,0.6,0.8,,0.5,0.7,0.8,0.6,,
Furutachi2024,gemma-3-27b,2024.0,empirical,16.0,16.0,0.39,0.207,0.54,0.224,0.3,0.0,0.4,0.283,-0.18,0.04,0.3,0.0,,0.6,0.3,0.4,0.2,0.4,0.3,,0.8,0.6,0.1,0.2,0.6,,,,0.3,0.9,,,0.3,,0.6,,0.3,,,,,,,,,,,,,0.5,0.2,0.8,0.2,0.3,0.4,,0.8,0.7,0.2,-0.1,-0.2,,,,-0.2,-0.2,,,-0.2,,-0.1,,0.3,,,,,,,,,,,
Furutachi2024,gemma-4-31b,2024.0,empirical,,,,,,,,,,,,,,,,,,,,,,,,,,,,,,,,,,,,,,,,,,,,,,,,,,,,,,,,,,,,,,,,,,,,,,,,,,,,,,,,,,,,,,
Furutachi2024,gpt-oss-claude-4.5-sonnet,2024.0,empirical,,,,,,,,,,,,,,,,,,,,,,,,,,,,,,,,,,,,,,,,,,,,,,,,,,,,,,,,,,,,,,,,,,,,,,,,,,,,,,,,,,,,,,
Furutachi2024,gpt-oss-safeguard-120b,2024.0,empirical,,,,,,,,,,,,,,,,,,,,,,,,,,,,,,,,,,,,,,,,,,,,,,,,,,,,,,,,,,,,,,,,,,,,,,,,,,,,,,,,,,,,,,
Furutachi2024,mistral-nemo-12b-thinking,2024.0,empirical,,,,,,,,,,,,,,,,,,,,,,,,,,,,,,,,,,,,,,,,,,,,,,,,,,,,,,,,,,,,,,,,,,,,,,,,,,,,,,,,,,,,,,
Furutachi2024,olmo-3-32b-think,2024.0,empirical,,,,,,,,,,,,,,,,,,,,,,,,,,,,,,,,,,,,,,,,,,,,,,,,,,,,,,,,,,,,,,,,,,,,,,,,,,,,,,,,,,,,,,
Furutachi2024,phi-4-reasoning-plus,2024.0,empirical,,,,,,,,,,,,,,,,,,,,,,,,,,,,,,,,,,,,,,,,,,,,,,,,,,,,,,,,,,,,,,,,,,,,,,,,,,,,,,,,,,,,,,
Furutachi2024,qwen3-14b-gemini-3-pro,2024.0,empirical,12.0,13.0,0.214,0.599,0.94,0.08,0.0,0.0,0.425,0.533,-0.2,0.0,0.0,0.0,-0.6,,-0.1,,0.7,-0.6,0.5,,1.0,0.6,,,1.0,,,,0.9,1.0,,,0.8,,1.0,,,,,,,,,,,,,,-0.6,,0.2,0.8,0.6,-0.2,0.8,,1.0,0.8,,,-0.2,,,,-0.2,-0.2,,,-0.2,,-0.2,,,,,,,,,,,,,
Furutachi2024,qwen3.5-40b-claude-4.5-opus,2024.0,empirical,28.0,26.0,0.458,0.435,0.48,0.631,0.083,0.573,0.358,0.621,-0.186,0.099,0.029,0.528,0.7,0.3,1.0,0.3,0.1,0.2,0.8,-0.6,1.0,0.7,0.7,0.3,,0.8,0.4,,1.0,0.9,-0.5,1.0,0.6,-0.9,1.0,0.5,0.6,,-0.3,,0.6,,0.4,0.2,,-1.0,,,0.8,0.2,0.9,-1.0,0.8,0.2,0.9,-0.6,0.9,0.7,0.7,-0.2,-0.2,,-0.2,-0.1,,-0.2,,-0.1,,-0.4,,-0.1,0.5,-1.0,-0.1,,0.6,,0.3,,-0.4,0.3,,
Garret2020,deepseek-r1-distill-llama-70b,2020.0,empirical,23.0,23.0,0.71,0.158,0.543,0.15,0.6,0.0,0.37,0.412,-0.2,0.0,0.483,0.313,0.6,,0.4,0.7,0.8,0.9,0.6,,0.9,0.7,0.6,0.9,0.2,,,,0.7,0.6,,0.6,0.6,0.5,0.6,,0.6,0.6,0.6,,0.6,,,0.6,,0.6,,,0.6,,0.4,0.6,0.6,0.9,0.6,,0.7,-0.2,-0.2,-0.3,-0.2,,,,-0.2,-0.2,,-0.2,-0.2,-0.2,-0.2,,-0.2,0.7,0.6,,0.5,,,0.7,,0.6,,
Garret2020,gemma-3-27b,2020.0,empirical,18.0,17.0,0.582,0.244,0.3,0.122,0.267,0.094,0.22,0.368,-0.225,0.043,0.167,0.287,0.1,0.7,0.5,0.8,0.4,0.7,0.3,,0.8,0.6,0.5,1.0,0.5,0.2,0.3,,,0.2,,,,,,,0.2,,0.4,,,,,,0.2,,,,,0.4,0.3,0.2,0.2,0.7,0.2,,0.9,-0.2,-0.3,-0.2,-0.2,-0.2,-0.3,,,-0.2,,,,,,,-0.2,,0.5,,,,,,0.2,,,
Garret2020,gemma-4-31b,2020.0,empirical,,,,,,,,,,,,,,,,,,,,,,,,,,,,,,,,,,,,,,,,,,,,,,,,,,,,,,,,,,,,,,,,,,,,,,,,,,,,,,,,,,,,,,
Garret2020,gpt-oss-claude-4.5-sonnet,2020.0,empirical,,,,,,,,,,,,,,,,,,,,,,,,,,,,,,,,,,,,,,,,,,,,,,,,,,,,,,,,,,,,,,,,,,,,,,,,,,,,,,,,,,,,,,
Garret2020,gpt-oss-safeguard-120b,2020.0,empirical,,,,,,,,,,,,,,,,,,,,,,,,,,,,,,,,,,,,,,,,,,,,,,,,,,,,,,,,,,,,,,,,,,,,,,,,,,,,,,,,,,,,,,
Garret2020,mistral-nemo-12b-thinking,2020.0,empirical,20.0,21.0,0.443,0.346,0.575,0.12,0.72,0.075,0.188,0.366,-0.238,0.048,0.6,0.141,0.8,,0.5,,0.3,-0.3,0.7,,0.7,,0.4,,0.6,,,0.5,,0.4,0.6,0.8,0.5,,0.7,0.5,,0.8,0.7,,0.6,,,0.8,0.7,,,,0.5,-0.2,0.4,,0.3,-0.4,0.5,,0.6,,-0.2,,-0.3,,,-0.3,,-0.2,-0.3,-0.2,-0.2,,-0.2,-0.2,,0.8,0.5,,0.4,,,0.7,0.6,,,
Garret2020,olmo-3-32b-think,2020.0,empirical,,,,,,,,,,,,,,,,,,,,,,,,,,,,,,,,,,,,,,,,,,,,,,,,,,,,,,,,,,,,,,,,,,,,,,,,,,,,,,,,,,,,,,
Garret2020,phi-4-reasoning-plus,2020.0,empirical,,,,,,,,,,,,,,,,,,,,,,,,,,,,,,,,,,,,,,,,,,,,,,,,,,,,,,,,,,,,,,,,,,,,,,,,,,,,,,,,,,,,,,
Garret2020,qwen3-14b-gemini-3-pro,2020.0,empirical,6.0,6.0,0.6,0.406,0.8,0.2,0.0,0.0,0.7,0.52,-0.25,0.05,0.0,0.0,,,,0.3,1.0,1.0,,,,,,0.1,0.6,,,,,1.0,,,,,,,,,,,,,,,,,,,,,,1.0,1.0,1.0,,,,,,-0.2,-0.2,,,,,-0.3,,,,,,,,,,,,,,,,,,
Garret2020,qwen3.5-40b-claude-4.5-opus,2020.0,empirical,17.0,17.0,0.55,0.432,0.65,0.166,0.433,0.189,0.3,0.525,-0.225,0.043,0.433,0.189,-0.7,,0.8,0.7,0.5,0.8,0.6,,0.7,0.6,0.6,0.9,0.5,,,,0.5,0.9,,,,,0.7,,,,,,0.3,,,,0.7,,0.3,,-0.6,,0.8,0.7,0.6,0.8,0.6,,0.8,-0.3,-0.2,-0.2,-0.2,,,,-0.3,-0.2,,,,,-0.2,,,,,,0.3,,,,0.7,,0.3,
Greedy2022,deepseek-r1-distill-llama-70b,2022.0,empirical,19.0,19.0,0.475,0.179,0.686,0.264,0.6,0.0,0.5,0.173,0.714,0.247,0.587,0.06,,,0.5,,0.5,0.7,,,,0.2,,,0.7,0.2,,,0.5,0.8,,1.0,0.6,,1.0,,0.6,0.6,0.6,,0.6,0.6,,,0.6,0.6,0.6,,,,0.6,,0.6,0.6,,,,0.2,,,0.6,0.2,,,0.7,0.9,,1.0,0.7,,0.9,,0.5,0.6,0.7,,0.5,0.6,,,0.6,0.6,0.6,
Greedy2022,gemma-3-27b,2022.0,empirical,17.0,17.0,0.438,0.218,0.514,0.173,0.4,0.2,0.45,0.194,0.486,0.188,0.35,0.15,0.1,0.6,0.7,,0.6,0.6,,,0.2,0.5,0.2,,,0.6,0.6,,0.3,0.6,0.6,,0.2,,0.7,,,,,,,0.6,,,,0.2,,,0.2,0.6,0.6,,0.6,0.6,,,0.2,0.6,0.2,,,0.6,0.6,,0.2,0.6,0.5,,0.2,,0.7,,,,,,,0.5,,,,0.2,,
Greedy2022,gemma-4-31b,2022.0,empirical,,,,,,,,,,,,,,,,,,,,,,,,,,,,,,,,,,,,,,,,,,,,,,,,,,,,,,,,,,,,,,,,,,,,,,,,,,,,,,,,,,,,,,
Greedy2022,gpt-oss-claude-4.5-sonnet,2022.0,empirical,6.0,6.0,0.0,0.0,0.867,0.111,0.0,0.0,0.0,0.0,0.883,0.107,0.0,0.0,,,,,,,,,,,,,,0.8,0.7,,0.9,,,0.8,1.0,,1.0,,,,,,,,,,,,,,,,,,,,,,,,,,,0.8,0.7,,1.0,,,0.9,0.9,,1.0,,,,,,,,,,,,,
Greedy2022,gpt-oss-safeguard-120b,2022.0,empirical,,,,,,,,,,,,,,,,,,,,,,,,,,,,,,,,,,,,,,,,,,,,,,,,,,,,,,,,,,,,,,,,,,,,,,,,,,,,,,,,,,,,,,
Greedy2022,mistral-nemo-12b-thinking,2022.0,empirical,,,,,,,,,,,,,,,,,,,,,,,,,,,,,,,,,,,,,,,,,,,,,,,,,,,,,,,,,,,,,,,,,,,,,,,,,,,,,,,,,,,,,,
Greedy2022,olmo-3-32b-think,2022.0,empirical,,,,,,,,,,,,,,,,,,,,,,,,,,,,,,,,,,,,,,,,,,,,,,,,,,,,,,,,,,,,,,,,,,,,,,,,,,,,,,,,,,,,,,
Greedy2022,phi-4-reasoning-plus,2022.0,empirical,,,,,,,,,,,,,,,,,,,,,,,,,,,,,,,,,,,,,,,,,,,,,,,,,,,,,,,,,,,,,,,,,,,,,,,,,,,,,,,,,,,,,,
Greedy2022,qwen3-14b-gemini-3-pro,2022.0,empirical,,,,,,,,,,,,,,,,,,,,,,,,,,,,,,,,,,,,,,,,,,,,,,,,,,,,,,,,,,,,,,,,,,,,,,,,,,,,,,,,,,,,,,
Greedy2022,qwen3.5-40b-claude-4.5-opus,2022.0,empirical,,,,,,,,,,,,,,,,,,,,,,,,,,,,,,,,,,,,,,,,,,,,,,,,,,,,,,,,,,,,,,,,,,,,,,,,,,,,,,,,,,,,,,
Hertag2020,deepseek-r1-distill-llama-70b,2020.0,other,15.0,15.0,0.586,0.455,0.717,0.121,0.65,0.05,0.586,0.649,0.75,0.138,0.7,0.1,0.7,0.8,0.9,,,0.7,,,0.6,,0.9,-0.5,0.7,,,,0.7,0.9,,0.7,0.5,,0.8,,0.7,0.6,,,,,,,,,,,0.8,0.8,0.9,,,0.9,,,0.8,,0.9,-1.0,0.7,,,,0.8,1.0,,0.8,0.6,,0.6,,0.8,0.6,,,,,,,,,,
Hertag2020,gemma-3-27b,2020.0,other,18.0,18.0,0.544,0.254,0.363,0.149,0.6,0.0,0.533,0.231,0.375,0.148,0.7,0.0,0.7,0.8,0.7,0.1,0.2,0.6,,,0.7,0.3,0.8,,0.4,0.3,0.4,,0.2,0.6,0.5,,0.4,,0.1,,0.6,,,,,,,,,,,,0.6,0.7,0.7,0.1,0.2,0.6,,,0.7,0.4,0.8,,0.4,0.4,0.4,,0.1,0.5,0.6,,0.4,,0.2,,0.7,,,,,,,,,,,
Hertag2020,gemma-4-31b,2020.0,other,,,,,,,,,,,,,,,,,,,,,,,,,,,,,,,,,,,,,,,,,,,,,,,,,,,,,,,,,,,,,,,,,,,,,,,,,,,,,,,,,,,,,,
Hertag2020,gpt-oss-claude-4.5-sonnet,2020.0,other,,,,,,,,,,,,,,,,,,,,,,,,,,,,,,,,,,,,,,,,,,,,,,,,,,,,,,,,,,,,,,,,,,,,,,,,,,,,,,,,,,,,,,
Hertag2020,gpt-oss-safeguard-120b,2020.0,other,,,,,,,,,,,,,,,,,,,,,,,,,,,,,,,,,,,,,,,,,,,,,,,,,,,,,,,,,,,,,,,,,,,,,,,,,,,,,,,,,,,,,,
Hertag2020,mistral-nemo-12b-thinking,2020.0,other,16.0,8.0,0.808,0.161,0.9,0.071,0.0,0.0,0.96,0.08,0.967,0.047,0.0,0.0,0.9,0.6,0.8,0.7,1.0,1.0,0.8,1.0,0.6,1.0,0.7,0.6,1.0,0.8,0.9,0.9,,,,,,,,,,,,,,,,,,,,,1.0,1.0,,0.8,,1.0,,1.0,,,,,,1.0,,1.0,0.9,,,,,,,,,,,,,,,,,,,
Hertag2020,olmo-3-32b-think,2020.0,other,17.0,17.0,0.88,0.154,0.883,0.167,0.6,0.0,0.92,0.16,0.817,0.157,0.6,0.0,1.0,1.0,0.9,0.9,,0.9,1.0,,0.7,0.5,0.9,1.0,,,0.6,,1.0,1.0,,0.7,1.0,,1.0,,,,,,,,,,,0.6,,,1.0,1.0,1.0,1.0,,1.0,1.0,,0.6,0.6,1.0,1.0,,,0.6,,1.0,0.9,,0.6,0.9,,0.9,,,,,,,,,,,0.6,,
Hertag2020,phi-4-reasoning-plus,2020.0,other,,,,,,,,,,,,,,,,,,,,,,,,,,,,,,,,,,,,,,,,,,,,,,,,,,,,,,,,,,,,,,,,,,,,,,,,,,,,,,,,,,,,,,
Hertag2020,qwen3-14b-gemini-3-pro,2020.0,other,17.0,17.0,0.638,0.304,0.65,0.296,0.8,0.0,0.65,0.296,0.65,0.283,0.9,0.0,0.2,0.9,0.7,0.8,,0.8,0.1,,0.6,,1.0,,0.2,,,,0.8,0.9,0.5,0.9,0.7,,1.0,0.2,0.8,,,,,,,,,,,,0.2,0.8,0.6,1.0,,0.8,0.2,,0.6,,1.0,,0.2,,,,0.8,1.0,0.7,0.8,0.6,,0.9,0.2,0.9,,,,,,,,,,,
Hertag2020,qwen3.5-40b-claude-4.5-opus,2020.0,other,15.0,15.0,0.745,0.188,0.9,0.0,0.567,0.205,0.73,0.185,0.65,0.15,0.567,0.125,0.7,0.9,1.0,0.7,0.8,0.8,0.3,,0.8,0.5,0.9,0.8,,,,,,0.9,,,,,,,0.6,0.3,,0.8,,,,,,,,,0.7,0.9,0.9,,0.9,0.8,0.4,,0.7,0.4,0.9,0.7,,,,,,0.8,,,,,,0.5,0.6,0.4,,0.7,,,,,,,,
Jiang&Rao2024,deepseek-r1-distill-llama-70b,2024.0,other,,,,,,,,,,,,,,,,,,,,,,,,,,,,,,,,,,,,,,,,,,,,,,,,,,,,,,,,,,,,,,,,,,,,,,,,,,,,,,,,,,,,,,
Jiang&Rao2024,gemma-3-27b,2024.0,other,10.0,10.0,0.26,0.049,0.32,0.204,0.0,0.0,0.26,0.08,0.32,0.16,0.0,0.0,,,,0.2,0.3,0.2,,,,0.3,,0.3,0.7,,,,0.2,,,0.1,0.3,,0.3,,,,,,,,,,,,,,,,,0.2,0.2,0.2,,,,0.4,,0.3,0.6,,,,0.3,,,0.1,0.3,,0.3,,,,,,,,,,,,,
Jiang&Rao2024,gemma-4-31b,2024.0,other,,,,,,,,,,,,,,,,,,,,,,,,,,,,,,,,,,,,,,,,,,,,,,,,,,,,,,,,,,,,,,,,,,,,,,,,,,,,,,,,,,,,,,
Jiang&Rao2024,gpt-oss-claude-4.5-sonnet,2024.0,other,11.0,0.0,0.482,0.255,0.0,0.0,0.0,0.0,0.0,0.0,0.0,0.0,0.0,0.0,0.7,0.1,0.8,,0.6,0.8,0.5,0.2,0.1,0.5,0.3,0.7,,,,,,,,,,,,,,,,,,,,,,,,,,,,,,,,,,,,,,,,,,,,,,,,,,,,,,,,,,,,
Jiang&Rao2024,gpt-oss-safeguard-120b,2024.0,other,,,,,,,,,,,,,,,,,,,,,,,,,,,,,,,,,,,,,,,,,,,,,,,,,,,,,,,,,,,,,,,,,,,,,,,,,,,,,,,,,,,,,,
Jiang&Rao2024,mistral-nemo-12b-thinking,2024.0,other,,,,,,,,,,,,,,,,,,,,,,,,,,,,,,,,,,,,,,,,,,,,,,,,,,,,,,,,,,,,,,,,,,,,,,,,,,,,,,,,,,,,,,
Jiang&Rao2024,olmo-3-32b-think,2024.0,other,10.0,10.0,0.8,0.141,0.643,0.159,0.0,0.0,0.867,0.189,0.671,0.139,0.0,0.0,,,,,,0.9,,,,0.6,,0.9,,,,0.5,0.6,1.0,,0.7,0.6,,0.5,0.6,,,,,,,,,,,,,,,,,,1.0,,,,0.6,,1.0,,,,0.6,0.6,1.0,,0.6,0.6,,0.6,0.7,,,,,,,,,,,,
Jiang&Rao2024,phi-4-reasoning-plus,2024.0,other,,,,,,,,,,,,,,,,,,,,,,,,,,,,,,,,,,,,,,,,,,,,,,,,,,,,,,,,,,,,,,,,,,,,,,,,,,,,,,,,,,,,,,
Jiang&Rao2024,qwen3-14b-gemini-3-pro,2024.0,other,16.0,14.0,0.4,0.638,0.8,0.226,0.6,0.0,0.333,0.618,0.8,0.177,0.8,0.0,,0.5,0.9,-1.0,0.7,0.6,,,,0.7,,,1.0,0.5,,,1.0,0.4,0.8,0.6,1.0,,1.0,0.9,,,,,,,,,,0.6,,,,,0.4,-1.0,0.6,0.8,,,0.4,0.8,,,0.6,,,,0.8,0.5,1.0,,0.9,,0.8,1.0,,,,,,,,,,0.8,,
Jiang&Rao2024,qwen3.5-40b-claude-4.5-opus,2024.0,other,29.0,26.0,0.589,0.218,0.755,0.108,0.489,0.269,0.556,0.302,0.75,0.143,0.529,0.225,0.8,,0.7,,0.8,0.6,0.6,,0.2,0.7,0.7,0.2,0.9,0.9,0.8,,0.8,0.7,0.7,0.8,0.5,0.7,0.8,0.7,-0.1,0.5,0.6,,0.7,0.6,,0.7,0.8,0.2,0.4,,0.8,,,-0.1,0.8,0.3,0.8,,0.3,0.7,0.8,0.6,0.9,,0.8,,0.7,0.5,0.8,0.7,0.5,0.9,0.9,0.8,,0.3,0.7,,0.8,0.5,,0.8,,0.2,0.4,
Keller2012,deepseek-r1-distill-llama-70b,2012.0,empirical,16.0,15.0,0.725,0.083,0.862,0.111,0.8,0.2,0.75,0.05,0.886,0.064,0.775,0.228,,,,,,0.8,0.7,,,0.6,,0.8,1.0,0.9,0.9,,0.7,0.7,,1.0,0.8,,0.9,,,,0.6,,1.0,,,,1.0,,0.6,,,,,,,0.8,0.7,,,0.7,,0.8,0.9,1.0,,,0.8,0.9,,0.9,0.8,,0.9,,,,0.5,,1.0,,,,1.0,,0.6,
Keller2012,gemma-3-27b,2012.0,empirical,11.0,11.0,0.275,0.192,0.367,0.125,0.2,0.0,0.5,0.173,0.433,0.17,0.3,0.0,,,,0.1,0.2,0.6,,,,0.2,,,0.4,,,,0.3,0.6,0.2,,0.3,,0.4,,,,0.2,,,,,,,,,,,,,0.6,0.6,0.6,,,,0.2,,,0.6,,,,0.3,0.6,0.2,,0.3,,0.6,,,,0.3,,,,,,,,,
Keller2012,gemma-4-31b,2012.0,empirical,,,,,,,,,,,,,,,,,,,,,,,,,,,,,,,,,,,,,,,,,,,,,,,,,,,,,,,,,,,,,,,,,,,,,,,,,,,,,,,,,,,,,,
Keller2012,gpt-oss-claude-4.5-sonnet,2012.0,empirical,,,,,,,,,,,,,,,,,,,,,,,,,,,,,,,,,,,,,,,,,,,,,,,,,,,,,,,,,,,,,,,,,,,,,,,,,,,,,,,,,,,,,,
Keller2012,gpt-oss-safeguard-120b,2012.0,empirical,,,,,,,,,,,,,,,,,,,,,,,,,,,,,,,,,,,,,,,,,,,,,,,,,,,,,,,,,,,,,,,,,,,,,,,,,,,,,,,,,,,,,,
Keller2012,mistral-nemo-12b-thinking,2012.0,empirical,,,,,,,,,,,,,,,,,,,,,,,,,,,,,,,,,,,,,,,,,,,,,,,,,,,,,,,,,,,,,,,,,,,,,,,,,,,,,,,,,,,,,,
Keller2012,olmo-3-32b-think,2012.0,empirical,7.0,7.0,0.733,0.189,0.4,0.356,-0.6,0.0,0.733,0.189,0.5,0.356,-0.6,0.0,,,,0.6,,,,,,0.6,,1.0,,,,,0.1,0.9,,,0.2,,,,,,,,,,,,-0.6,,,,,,,0.6,,,,,,0.6,,1.0,,,,,0.2,1.0,,,0.3,,,,,,,,,,,,-0.6,,,
Keller2012,phi-4-reasoning-plus,2012.0,empirical,8.0,6.0,0.6,0.0,0.58,0.232,0.6,0.0,0.4,0.2,0.6,0.4,0.65,0.05,,,,,,,,,,,,0.6,0.7,,,,0.6,0.9,,,0.2,,0.5,,,,,,,,0.6,0.6,,,,,,,,0.6,,,,,,,,0.2,,,,,,1.0,,,0.2,,,,,,,,,,0.6,0.7,,,,
Keller2012,qwen3-14b-gemini-3-pro,2012.0,empirical,11.0,11.0,0.05,0.82,0.586,0.285,0.0,0.0,0.0,0.812,0.571,0.333,0.0,0.0,,,,,,-0.5,,,,-1.0,0.8,0.9,0.6,,,,0.7,0.8,-0.1,0.7,0.7,,0.7,,,,,,,,,,,,,,,,,,,-0.6,,,,-1.0,0.8,0.8,0.6,,,,0.9,0.7,-0.2,0.6,0.8,,0.6,,,,,,,,,,,,,
Keller2012,qwen3.5-40b-claude-4.5-opus,2012.0,empirical,4.0,4.0,0.4,0.141,0.8,0.0,0.0,0.0,0.4,0.163,0.9,0.0,0.0,0.0,,,,0.6,,0.3,,,,,,0.3,,,,,,0.8,,,,,,,,,,,,,,,,,,,,,,0.6,,0.2,,,,,,0.4,,,,,,0.9,,,,,,,,,,,,,,,,,,
Keller2018,deepseek-r1-distill-llama-70b,2018.0,empirical,29.0,29.0,0.891,0.079,0.89,0.054,0.888,0.117,0.864,0.098,0.9,0.077,0.875,0.12,0.9,0.8,0.9,0.7,0.9,0.9,0.9,,0.9,1.0,1.0,0.9,0.9,0.8,0.9,,0.9,0.9,1.0,0.9,0.9,,0.9,0.8,0.9,0.9,0.9,1.0,1.0,,0.9,0.6,,0.9,,,0.9,0.8,0.9,0.6,0.9,0.9,0.8,,1.0,0.9,0.9,0.9,0.9,0.8,0.9,,0.9,1.0,1.0,1.0,0.8,,0.9,0.8,0.8,1.0,0.9,1.0,0.9,,0.9,0.6,,0.9,,
Keller2018,gemma-3-27b,2018.0,empirical,24.0,24.0,0.51,0.192,0.489,0.152,0.2,0.11,0.5,0.205,0.489,0.129,0.18,0.117,0.6,0.5,0.5,0.6,0.7,0.6,0.2,,,0.1,0.6,0.7,0.4,0.6,0.6,,0.5,0.6,0.5,,0.6,,0.5,0.1,0.4,0.1,0.2,,,0.2,,,,0.1,,,0.6,0.5,0.6,0.2,0.7,0.7,0.2,,,0.2,0.6,0.7,0.4,0.6,0.6,,0.4,0.5,0.6,,0.5,,0.6,0.2,0.4,0.1,0.1,,,0.2,,,,0.1,,
Keller2018,gemma-4-31b,2018.0,empirical,,,,,,,,,,,,,,,,,,,,,,,,,,,,,,,,,,,,,,,,,,,,,,,,,,,,,,,,,,,,,,,,,,,,,,,,,,,,,,,,,,,,,,
Keller2018,gpt-oss-claude-4.5-sonnet,2018.0,empirical,,,,,,,,,,,,,,,,,,,,,,,,,,,,,,,,,,,,,,,,,,,,,,,,,,,,,,,,,,,,,,,,,,,,,,,,,,,,,,,,,,,,,,
Keller2018,gpt-oss-safeguard-120b,2018.0,empirical,,,,,,,,,,,,,,,,,,,,,,,,,,,,,,,,,,,,,,,,,,,,,,,,,,,,,,,,,,,,,,,,,,,,,,,,,,,,,,,,,,,,,,
Keller2018,mistral-nemo-12b-thinking,2018.0,empirical,18.0,19.0,0.78,0.075,0.775,0.083,0.8,0.0,0.462,0.255,0.533,0.047,0.52,0.075,0.8,0.9,0.7,0.7,0.8,0.8,0.7,,0.9,0.7,,0.8,,,,,,,0.9,,0.7,,0.7,0.8,0.8,,0.8,,0.8,,,0.8,,,,,0.5,-0.2,0.6,,0.6,0.5,0.6,,0.6,,0.5,,0.5,,0.6,,0.5,,0.5,,0.5,,0.6,,0.5,,0.6,,0.4,,0.5,,0.6,,,
Keller2018,olmo-3-32b-think,2018.0,empirical,14.0,14.0,0.817,0.227,0.9,0.173,0.1,0.173,0.867,0.189,0.875,0.217,0.1,0.187,1.0,,1.0,0.5,,0.9,,,,,0.5,1.0,,,,,1.0,1.0,,,0.6,,1.0,,,,,,,0.2,0.2,,,0.2,,-0.2,1.0,,1.0,0.6,,1.0,,,,,0.6,1.0,,,,,1.0,1.0,,,0.5,,1.0,,,,,,,0.3,0.1,,,0.2,,-0.2
Keller2018,phi-4-reasoning-plus,2018.0,empirical,23.0,21.0,0.678,0.14,0.712,0.105,0.733,0.111,0.657,0.09,0.662,0.111,0.7,0.115,0.6,,0.6,0.5,0.6,0.8,0.6,,,0.7,0.7,1.0,0.7,,,,0.7,0.8,,0.5,0.8,0.6,0.8,0.8,0.9,,0.7,,,,0.8,0.6,0.6,0.8,,,0.6,,0.6,,,0.8,0.6,,,0.6,0.6,0.8,0.7,,,,0.6,0.5,,0.6,0.7,0.6,0.9,0.7,0.9,,0.6,,,,0.7,0.6,0.6,0.8,,
Keller2018,qwen3-14b-gemini-3-pro,2018.0,empirical,11.0,11.0,0.5,0.245,0.8,0.141,0.8,0.0,0.467,0.189,0.643,0.238,0.6,0.0,,0.2,,,0.5,0.8,,,,,,,0.8,,,,0.6,0.9,,0.8,0.6,,0.9,1.0,,,,,,,,,,0.8,,,,0.2,,,0.6,0.6,,,,,,,0.6,,,,0.4,1.0,,0.5,0.4,,0.6,1.0,,,,,,,,,,0.6,,
Keller2018,qwen3.5-40b-claude-4.5-opus,2018.0,empirical,20.0,19.0,0.65,0.087,0.7,0.082,0.583,0.037,0.629,0.045,0.733,0.075,0.55,0.05,0.6,,0.5,0.7,0.6,0.8,,,,0.6,0.7,0.7,0.8,,,,0.7,0.8,,0.6,0.6,,0.7,,,,,,,0.6,0.6,0.6,,0.6,0.6,0.5,0.6,,0.6,,0.6,0.7,,,,0.6,0.6,0.7,0.8,,,,0.8,0.7,,0.7,0.6,,0.8,,,,,,,0.5,0.5,0.6,,0.6,0.6,0.5
Kiebel2008,deepseek-r1-distill-llama-70b,2008.0,other,22.0,22.0,0.8,0.122,0.878,0.103,0.889,0.087,0.9,0.071,0.844,0.096,0.911,0.074,,,,,,0.7,,,,0.8,1.0,0.7,0.9,,,,1.0,0.8,0.7,0.8,0.8,1.0,1.0,0.9,0.8,0.8,0.8,1.0,1.0,,1.0,0.8,0.9,0.9,,,,,,,,0.9,,,,0.9,1.0,0.8,0.8,,,,0.9,0.8,0.8,0.7,0.8,1.0,1.0,0.8,0.8,0.9,0.9,1.0,1.0,,1.0,0.8,0.9,0.9,,
Kiebel2008,gemma-3-27b,2008.0,other,12.0,12.0,0.36,0.12,0.55,0.35,0.68,0.098,0.54,0.174,0.5,0.3,0.78,0.075,,,,0.3,0.3,0.6,,,,0.3,,0.3,0.2,,,,,,,,,,,0.9,,0.6,0.6,,0.6,,,,0.8,0.8,,,,,,0.6,0.8,0.6,,,,0.4,,0.3,0.2,,,,,,,,,,,0.8,,0.9,0.7,,0.7,,,,0.8,0.8,,
Kiebel2008,gemma-4-31b,2008.0,other,,,,,,,,,,,,,,,,,,,,,,,,,,,,,,,,,,,,,,,,,,,,,,,,,,,,,,,,,,,,,,,,,,,,,,,,,,,,,,,,,,,,,,
Kiebel2008,gpt-oss-claude-4.5-sonnet,2008.0,other,,,,,,,,,,,,,,,,,,,,,,,,,,,,,,,,,,,,,,,,,,,,,,,,,,,,,,,,,,,,,,,,,,,,,,,,,,,,,,,,,,,,,,
Kiebel2008,gpt-oss-safeguard-120b,2008.0,other,,,,,,,,,,,,,,,,,,,,,,,,,,,,,,,,,,,,,,,,,,,,,,,,,,,,,,,,,,,,,,,,,,,,,,,,,,,,,,,,,,,,,,
Kiebel2008,mistral-nemo-12b-thinking,2008.0,other,13.0,19.0,0.612,0.372,0.6,0.482,0.0,0.0,0.6,0.329,0.767,0.249,1.0,0.0,0.7,0.8,,-0.2,0.6,1.0,1.0,,0.3,,0.7,,0.9,,-0.3,,1.0,,,0.9,,0.5,,,,,,,,,,,,,,,0.5,0.7,,0.8,,0.6,0.7,-0.2,0.4,0.5,1.0,1.0,,0.3,,0.6,,1.0,,0.9,,0.8,,1.0,,1.0,,,1.0,,,1.0,,,,
Kiebel2008,olmo-3-32b-think,2008.0,other,2.0,2.0,0.55,0.05,0.0,0.0,0.0,0.0,0.6,0.0,0.0,0.0,0.0,0.0,,,,,,0.6,,,,0.5,,,,,,,,,,,,,,,,,,,,,,,,,,,,,,,,0.6,,,,0.6,,,,,,,,,,,,,,,,,,,,,,,,,,
Kiebel2008,phi-4-reasoning-plus,2008.0,other,16.0,16.0,0.7,0.082,0.6,0.058,0.471,0.191,0.6,0.327,0.75,0.096,0.714,0.242,,,,,,0.6,,,,0.8,,0.7,,,,,0.6,,,0.6,0.5,0.6,0.6,0.7,,0.2,0.6,,0.6,,0.2,0.6,0.4,0.7,,,,,,,,0.2,,,,0.6,,1.0,,,,,0.7,,,0.6,0.7,0.8,0.9,0.8,,0.9,0.6,,1.0,,0.2,0.7,0.8,0.8,,
Kiebel2008,qwen3-14b-gemini-3-pro,2008.0,other,14.0,13.0,0.7,0.2,0.757,0.105,0.92,0.098,0.7,0.1,0.717,0.134,0.92,0.117,,,,0.5,,0.9,,,,,,,0.8,,,0.7,0.7,,,0.7,0.9,,0.6,0.9,,0.8,0.8,,1.0,,,,1.0,1.0,,,,,,0.8,,0.6,,,,,,,0.6,,,,0.7,,,0.7,0.7,,0.6,1.0,,0.7,0.9,,1.0,,,,1.0,1.0,,
Kiebel2008,qwen3.5-40b-claude-4.5-opus,2008.0,other,18.0,16.0,0.056,0.33,0.487,0.389,0.6,0.0,0.4,0.273,0.162,0.324,0.6,0.0,,,-0.4,-0.2,-0.3,0.4,0.3,,-0.1,0.3,-0.1,0.6,0.6,,0.6,,0.8,,,0.6,0.5,-0.5,0.5,0.8,,,,,,0.6,,,,,,,,-0.2,0.4,,0.3,0.6,0.5,,,0.5,,0.7,-0.1,,0.2,,0.3,-0.1,,-0.4,0.3,,0.4,0.7,,,,,,0.6,,,,,,
LaoRodriguez2023,deepseek-r1-distill-llama-70b,2023.0,empirical,5.0,5.0,0.65,0.296,1.0,0.0,0.0,0.0,0.45,0.166,0.4,0.0,0.0,0.0,,,,,0.8,0.6,,,,,0.2,1.0,1.0,,,,,,,,,,,,,,,,,,,,,,,,,,,,0.6,0.6,,,,,0.2,0.4,0.4,,,,,,,,,,,,,,,,,,,,,,,
LaoRodriguez2023,gemma-3-27b,2023.0,empirical,19.0,19.0,0.383,0.273,0.325,0.13,0.28,0.16,0.283,0.134,0.25,0.132,0.32,0.147,,,0.1,0.4,0.3,0.5,,,,0.1,,0.9,0.5,,,,0.4,0.3,0.3,,0.3,0.2,0.5,0.1,,,0.6,,,0.2,,0.2,0.2,,,0.2,,,0.1,0.2,0.3,0.5,,,,0.2,,0.4,0.4,,,,0.4,0.3,0.2,,0.1,0.1,0.4,0.1,,,0.6,,,0.3,,0.3,0.2,,,0.2
LaoRodriguez2023,gemma-4-31b,2023.0,empirical,,,,,,,,,,,,,,,,,,,,,,,,,,,,,,,,,,,,,,,,,,,,,,,,,,,,,,,,,,,,,,,,,,,,,,,,,,,,,,,,,,,,,,
LaoRodriguez2023,gpt-oss-claude-4.5-sonnet,2023.0,empirical,8.0,0.0,0.4,0.274,0.0,0.0,0.0,0.0,0.0,0.0,0.0,0.0,0.0,0.0,,,0.2,0.6,0.5,0.6,0.2,,,0.1,0.1,0.9,,,,,,,,,,,,,,,,,,,,,,,,,,,,,,,,,,,,,,,,,,,,,,,,,,,,,,,,,,,,
LaoRodriguez2023,gpt-oss-safeguard-120b,2023.0,empirical,,,,,,,,,,,,,,,,,,,,,,,,,,,,,,,,,,,,,,,,,,,,,,,,,,,,,,,,,,,,,,,,,,,,,,,,,,,,,,,,,,,,,,
LaoRodriguez2023,mistral-nemo-12b-thinking,2023.0,empirical,,,,,,,,,,,,,,,,,,,,,,,,,,,,,,,,,,,,,,,,,,,,,,,,,,,,,,,,,,,,,,,,,,,,,,,,,,,,,,,,,,,,,,
LaoRodriguez2023,olmo-3-32b-think,2023.0,empirical,,,,,,,,,,,,,,,,,,,,,,,,,,,,,,,,,,,,,,,,,,,,,,,,,,,,,,,,,,,,,,,,,,,,,,,,,,,,,,,,,,,,,,
LaoRodriguez2023,phi-4-reasoning-plus,2023.0,empirical,25.0,25.0,0.233,0.519,0.344,0.291,0.643,0.09,-0.056,0.324,0.244,0.267,0.614,0.125,0.8,,0.6,-0.2,-0.3,-0.4,,0.2,,0.7,-0.3,1.0,0.5,,,-0.2,0.3,0.5,0.6,,0.3,-0.1,0.5,0.7,0.6,0.8,0.7,,0.6,,,0.7,0.6,0.5,,,-0.1,,-0.3,0.2,-0.5,-0.4,,0.1,,0.4,-0.3,0.4,0.4,,,-0.3,0.3,0.4,0.4,,0.4,-0.2,0.4,0.4,0.4,0.7,0.6,,0.6,,,0.8,0.7,0.5,,
LaoRodriguez2023,qwen3-14b-gemini-3-pro,2023.0,empirical,17.0,17.0,0.213,0.631,0.625,0.282,0.4,0.0,-0.05,0.691,0.338,0.165,0.6,0.0,,0.4,,-0.7,0.2,-0.9,0.8,,,0.5,0.4,1.0,0.7,,,,1.0,0.5,0.3,,0.8,0.2,1.0,0.5,,,0.4,,,,,,,,,,,0.6,,-1.0,-0.8,-1.0,0.6,,,0.4,0.4,0.4,0.4,,,,0.4,0.4,0.4,,0.4,-0.1,0.4,0.4,,,0.6,,,,,,,,,
LaoRodriguez2023,qwen3.5-40b-claude-4.5-opus,2023.0,empirical,12.0,12.0,0.65,0.166,0.36,0.28,0.6,0.0,0.55,0.087,0.28,0.098,0.6,0.0,,,,0.5,0.7,0.5,,,,,,0.9,,,,,,0.2,0.7,,0.1,,0.7,0.1,,,,,,,,0.6,,0.6,,0.6,,,,0.6,0.6,0.6,,,,,,0.4,,,,,,0.2,0.4,,0.2,,0.4,0.2,,,,,,,,0.6,,0.6,,0.6
LeeMejias2025,deepseek-r1-distill-llama-70b,2025.0,other,28.0,28.0,0.89,0.122,0.882,0.103,0.814,0.125,0.89,0.104,0.918,0.057,0.786,0.112,0.9,0.9,1.0,0.6,,1.0,1.0,1.0,0.9,,0.8,0.8,0.9,1.0,1.0,0.7,0.8,1.0,1.0,0.8,0.9,,0.8,0.8,1.0,0.8,0.7,1.0,0.7,,,0.8,0.7,,,,0.9,0.9,1.0,0.6,,0.9,1.0,0.9,0.9,,0.9,0.9,0.9,1.0,1.0,0.8,0.9,1.0,0.9,0.9,0.9,,0.9,0.9,1.0,0.7,0.7,0.9,0.7,,,0.8,0.7,,,
LeeMejias2025,gemma-3-27b,2025.0,other,20.0,20.0,0.322,0.193,0.257,0.176,0.45,0.218,0.333,0.163,0.329,0.128,0.475,0.217,0.1,0.6,0.3,,0.3,0.3,,0.2,0.7,0.3,0.1,,0.1,,,,0.1,0.6,0.4,,0.1,,0.2,0.3,0.8,,0.4,,,,,,0.2,0.4,,,0.2,0.6,0.4,,0.2,0.2,,0.2,0.6,0.4,0.2,,0.2,,,,0.3,0.6,0.4,,0.2,,0.3,0.3,0.8,,0.5,,,,,,0.2,0.4,,
LeeMejias2025,gemma-4-31b,2025.0,other,,,,,,,,,,,,,,,,,,,,,,,,,,,,,,,,,,,,,,,,,,,,,,,,,,,,,,,,,,,,,,,,,,,,,,,,,,,,,,,,,,,,,,
LeeMejias2025,gpt-oss-claude-4.5-sonnet,2025.0,other,,,,,,,,,,,,,,,,,,,,,,,,,,,,,,,,,,,,,,,,,,,,,,,,,,,,,,,,,,,,,,,,,,,,,,,,,,,,,,,,,,,,,,
LeeMejias2025,gpt-oss-safeguard-120b,2025.0,other,,,,,,,,,,,,,,,,,,,,,,,,,,,,,,,,,,,,,,,,,,,,,,,,,,,,,,,,,,,,,,,,,,,,,,,,,,,,,,,,,,,,,,
LeeMejias2025,mistral-nemo-12b-thinking,2025.0,other,4.0,4.0,0.6,0.3,0.0,0.0,0.0,0.0,0.6,0.141,0.0,0.0,0.0,0.0,0.7,0.9,0.1,0.7,,,,,,,,,,,,,,,,,,,,,,,,,,,,,,,,,,,,,,,,0.6,0.8,0.6,0.4,,,,,,,,,,,,,,,,,,,,,,,,,
LeeMejias2025,olmo-3-32b-think,2025.0,other,18.0,18.0,0.845,0.254,0.8,0.21,0.6,0.0,0.855,0.257,0.82,0.183,0.6,0.0,1.0,1.0,1.0,1.0,,1.0,0.2,0.6,1.0,0.6,0.9,1.0,,,,,1.0,0.9,1.0,,0.6,,0.5,,,,,,,,,,0.6,0.6,,,1.0,1.0,1.0,1.0,,1.0,0.2,0.6,1.0,0.6,1.0,1.0,,,,,1.0,0.9,1.0,,0.6,,0.6,,,,,,,,,,0.6,0.6,,
LeeMejias2025,phi-4-reasoning-plus,2025.0,other,29.0,29.0,0.708,0.144,0.83,0.173,0.729,0.191,0.7,0.115,0.82,0.125,0.871,0.167,0.7,0.9,0.6,0.5,0.6,0.9,0.7,0.5,0.9,0.6,0.8,0.8,0.8,0.8,,0.4,0.9,1.0,1.0,1.0,0.7,,0.9,0.8,0.9,0.6,0.8,,0.6,,,0.4,1.0,0.8,,,0.7,0.8,0.6,0.9,0.6,0.8,0.6,0.5,0.8,0.6,0.8,0.7,0.7,0.8,,0.6,0.8,1.0,1.0,0.9,0.7,,0.9,0.8,0.9,1.0,1.0,,0.9,,,0.5,1.0,0.8,,
LeeMejias2025,qwen3-14b-gemini-3-pro,2025.0,other,20.0,19.0,0.525,0.589,0.529,0.636,0.86,0.12,0.9,0.107,0.225,0.719,1.0,0.0,0.7,0.8,1.0,-1.0,,0.8,,0.6,0.6,,0.7,,-1.0,,,0.8,0.6,0.9,,,0.7,,0.7,1.0,1.0,0.8,0.7,,,,,,0.8,1.0,,,0.7,0.9,0.9,,,1.0,,1.0,0.8,,1.0,,-1.0,,,1.0,-0.2,1.0,,-0.4,-0.2,,0.7,0.9,1.0,1.0,1.0,,,,,,,1.0,,
LeeMejias2025,qwen3.5-40b-claude-4.5-opus,2025.0,other,29.0,29.0,0.555,0.15,0.622,0.225,0.433,0.447,0.591,0.168,0.656,0.222,0.433,0.447,0.5,0.3,0.6,0.7,,0.8,0.5,0.3,0.7,0.5,0.6,0.6,0.9,,,0.2,0.6,0.9,0.3,0.7,0.7,,0.7,0.6,0.8,0.6,0.6,,,0.5,-0.8,,0.4,0.6,0.6,0.6,0.6,0.3,0.6,0.7,,0.8,0.5,0.3,0.8,0.5,0.7,0.7,0.9,,,0.2,0.6,0.8,0.4,0.7,0.8,,0.9,0.6,0.8,0.6,0.6,,,0.5,-0.8,,0.4,0.6,0.6,0.6
Mikulasch2023,deepseek-r1-distill-llama-70b,2023.0,other,31.0,31.0,0.73,0.155,0.867,0.075,0.822,0.042,0.46,0.441,-0.233,0.047,0.656,0.306,0.7,0.8,1.0,,0.6,0.7,0.7,,0.5,0.7,1.0,0.6,0.9,1.0,0.9,0.7,0.9,0.9,0.8,0.8,0.9,0.8,0.9,0.9,0.8,0.9,0.8,0.8,0.8,,0.8,0.8,0.8,0.9,,,0.7,0.8,0.9,,0.6,0.8,0.8,,0.6,-0.2,-0.2,-0.2,-0.3,-0.2,-0.2,-0.3,-0.3,-0.2,-0.2,-0.2,-0.2,-0.2,-0.2,-0.3,-0.2,0.7,0.8,0.7,0.8,,0.8,0.7,0.8,0.8,,
Mikulasch2023,gemma-3-27b,2023.0,other,15.0,15.0,0.389,0.251,0.467,0.17,0.333,0.189,0.244,0.31,-0.233,0.047,0.067,0.189,0.1,0.6,0.8,,0.5,0.2,0.2,,0.1,0.3,0.7,,,,,,,0.7,0.3,,,,,0.4,0.6,,0.2,,,,,,,0.2,,,0.2,0.6,0.8,,0.4,0.2,0.2,,0.2,-0.2,-0.2,,,,,,,-0.2,-0.2,,,,,-0.3,-0.2,,0.2,,,,,,,0.2,,
Mikulasch2023,gemma-4-31b,2023.0,other,,,,,,,,,,,,,,,,,,,,,,,,,,,,,,,,,,,,,,,,,,,,,,,,,,,,,,,,,,,,,,,,,,,,,,,,,,,,,,,,,,,,,,
Mikulasch2023,gpt-oss-claude-4.5-sonnet,2023.0,other,15.0,15.0,0.444,0.183,0.417,0.211,0.0,0.0,0.256,0.317,-0.217,0.037,0.0,0.0,0.6,0.5,0.7,,0.2,0.4,0.2,,0.3,0.7,0.4,,,,0.2,,0.6,0.5,0.1,,0.4,,0.7,,,,,,,,,,,,,,0.6,0.6,0.6,,0.2,0.4,0.2,,0.2,-0.2,-0.3,,,,-0.2,,-0.2,-0.2,-0.2,,-0.2,,-0.3,,,,,,,,,,,,,
Mikulasch2023,gpt-oss-safeguard-120b,2023.0,other,,,,,,,,,,,,,,,,,,,,,,,,,,,,,,,,,,,,,,,,,,,,,,,,,,,,,,,,,,,,,,,,,,,,,,,,,,,,,,,,,,,,,,
Mikulasch2023,mistral-nemo-12b-thinking,2023.0,other,,,,,,,,,,,,,,,,,,,,,,,,,,,,,,,,,,,,,,,,,,,,,,,,,,,,,,,,,,,,,,,,,,,,,,,,,,,,,,,,,,,,,,
Mikulasch2023,olmo-3-32b-think,2023.0,other,,,,,,,,,,,,,,,,,,,,,,,,,,,,,,,,,,,,,,,,,,,,,,,,,,,,,,,,,,,,,,,,,,,,,,,,,,,,,,,,,,,,,,
Mikulasch2023,phi-4-reasoning-plus,2023.0,other,21.0,22.0,0.7,0.1,0.6,0.327,0.64,0.136,0.42,0.414,-0.243,0.049,0.46,0.367,0.7,0.9,0.8,,0.8,0.6,0.6,,0.7,0.6,0.7,0.6,-0.1,,,,,0.9,0.7,0.7,0.6,,,0.8,0.7,,0.7,,,,0.6,0.4,,0.8,,,0.7,0.9,0.7,,0.7,0.6,0.6,,0.6,-0.2,-0.2,-0.2,-0.2,,,,,-0.3,-0.2,-0.2,-0.3,,-0.2,-0.3,-0.2,,0.8,,,,0.5,0.4,,0.8,,
Mikulasch2023,qwen3-14b-gemini-3-pro,2023.0,other,5.0,6.0,0.35,0.25,0.75,0.05,0.6,0.0,0.2,0.327,-0.2,0.0,0.8,0.0,,,,,0.1,,,,,,0.6,,,,,,0.7,,,,,,0.8,,,,,,,,,,,0.6,,,,,,0.2,0.6,,,,,,-0.2,,,,,,-0.2,,,,,,-0.2,,,,,,,,,,,0.8,,
Mikulasch2023,qwen3.5-40b-claude-4.5-opus,2023.0,other,25.0,20.0,0.61,0.524,0.655,0.548,-0.075,0.536,0.383,0.46,-0.25,0.05,0.317,0.362,0.8,0.9,,-0.9,0.7,0.8,0.6,,1.0,0.6,1.0,0.6,1.0,0.8,0.6,1.0,0.8,1.0,0.8,0.5,0.7,-1.0,1.0,,-0.6,,,,0.6,,0.3,,,-0.6,,,0.8,,-0.3,,,0.7,0.5,,0.8,,-0.2,,-0.3,,-0.3,,-0.2,-0.3,-0.2,,-0.2,-0.3,,-0.2,-0.2,0.6,0.8,,0.5,,-0.1,,0.3,,,
Nejad2025,deepseek-r1-distill-llama-70b,2025.0,other,28.0,27.0,0.614,0.083,0.791,0.108,0.65,0.05,0.567,0.309,-0.155,0.05,0.67,0.09,,,,0.6,0.7,0.7,0.7,,,0.5,0.6,0.5,0.9,0.6,0.6,,0.9,0.8,0.7,0.9,0.9,0.8,0.8,0.8,0.7,0.7,0.7,0.6,0.6,0.6,,0.6,0.7,0.7,0.6,,,,,,0.8,0.8,0.7,,,0.6,0.6,-0.1,-0.2,-0.2,-0.1,,-0.2,-0.1,-0.2,-0.1,-0.2,-0.2,-0.1,-0.1,0.8,0.7,0.8,0.5,0.6,0.7,,0.6,0.7,0.7,0.6,
Nejad2025,gemma-3-27b,2025.0,other,21.0,22.0,0.378,0.23,0.512,0.196,0.325,0.217,0.4,0.231,-0.138,0.048,0.28,0.271,0.2,0.2,0.2,0.6,0.7,0.7,0.1,,,0.5,0.2,,0.7,0.2,0.2,,0.5,0.7,0.7,,0.5,,0.6,,0.7,0.2,0.2,,,0.2,,,,,,,0.2,0.2,0.2,0.6,0.8,0.6,0.2,,,0.6,0.2,,-0.1,-0.2,-0.1,,-0.1,-0.2,-0.2,,-0.1,,-0.1,,0.8,0.1,0.1,,,0.3,,,0.1,,,
Nejad2025,gemma-4-31b,2025.0,other,,,,,,,,,,,,,,,,,,,,,,,,,,,,,,,,,,,,,,,,,,,,,,,,,,,,,,,,,,,,,,,,,,,,,,,,,,,,,,,,,,,,,,
Nejad2025,gpt-oss-claude-4.5-sonnet,2025.0,other,,,,,,,,,,,,,,,,,,,,,,,,,,,,,,,,,,,,,,,,,,,,,,,,,,,,,,,,,,,,,,,,,,,,,,,,,,,,,,,,,,,,,,
Nejad2025,gpt-oss-safeguard-120b,2025.0,other,,,,,,,,,,,,,,,,,,,,,,,,,,,,,,,,,,,,,,,,,,,,,,,,,,,,,,,,,,,,,,,,,,,,,,,,,,,,,,,,,,,,,,
Nejad2025,mistral-nemo-12b-thinking,2025.0,other,,,,,,,,,,,,,,,,,,,,,,,,,,,,,,,,,,,,,,,,,,,,,,,,,,,,,,,,,,,,,,,,,,,,,,,,,,,,,,,,,,,,,,
Nejad2025,olmo-3-32b-think,2025.0,other,,,,,,,,,,,,,,,,,,,,,,,,,,,,,,,,,,,,,,,,,,,,,,,,,,,,,,,,,,,,,,,,,,,,,,,,,,,,,,,,,,,,,,
Nejad2025,phi-4-reasoning-plus,2025.0,other,20.0,19.0,0.55,0.507,0.738,0.472,0.55,0.296,0.343,0.478,-0.162,0.07,0.55,0.296,0.9,0.6,-0.3,,1.0,0.8,0.7,,,,-0.3,1.0,1.0,,,,,0.9,-0.4,1.0,1.0,1.0,1.0,0.4,1.0,0.4,,,,,,,0.6,0.2,,,0.8,0.6,-0.2,,,0.8,0.8,,,,-0.3,-0.1,-0.1,,,,,-0.1,-0.3,-0.2,-0.1,-0.2,-0.1,-0.2,1.0,0.4,,,,,,,0.6,0.2,,
Nejad2025,qwen3-14b-gemini-3-pro,2025.0,other,14.0,12.0,0.7,0.2,0.689,0.463,0.8,0.163,0.2,0.0,-0.163,0.048,0.767,0.205,,,,,0.5,0.9,,,,,,,0.7,,,,1.0,0.8,-0.6,0.8,0.8,0.9,0.9,0.9,1.0,,0.6,,,,,,,0.8,,,,,,0.2,,,,,,,,,-0.2,,,,-0.2,-0.1,,-0.1,-0.1,-0.2,-0.2,-0.2,1.0,,0.5,,,,,,,0.8,,
Nejad2025,qwen3.5-40b-claude-4.5-opus,2025.0,other,14.0,10.0,0.62,0.194,0.517,0.227,0.567,0.17,0.34,0.301,-0.167,0.047,0.55,0.15,,,,,,0.5,0.9,,,0.4,0.5,0.8,,,,,,0.9,0.4,0.5,0.4,0.2,,0.7,0.8,0.4,,,,,,0.5,,,,,,,,,,0.5,0.7,,,0.3,0.4,-0.2,,,,,,-0.1,,,-0.2,,,-0.2,0.7,0.4,,,,,,,,,,
Payeur2021,deepseek-r1-distill-llama-70b,2021.0,other,20.0,20.0,0.675,0.192,0.55,0.071,0.6,0.0,0.7,0.173,0.612,0.06,0.575,0.043,,,,,0.6,1.0,0.6,,,0.5,,,0.5,0.5,0.6,,0.6,0.5,,0.5,0.7,,0.5,,0.6,0.6,0.6,,0.6,0.6,,,0.6,0.6,0.6,,,,,,0.6,1.0,0.6,,,0.6,,,0.6,0.6,0.6,,0.5,0.7,,0.6,0.7,,0.6,,0.6,0.5,0.5,,0.6,0.6,,,0.6,0.6,0.6,
Payeur2021,gemma-3-27b,2021.0,other,16.0,16.0,0.5,0.2,0.433,0.205,0.2,0.0,0.467,0.189,0.367,0.236,0.2,0.0,0.2,0.7,0.5,,0.6,0.6,0.2,,0.3,0.7,0.7,,,0.7,0.6,,0.2,0.2,0.3,,,,0.6,,,,,,,0.2,,,,,,,0.2,0.6,0.6,,0.6,0.6,0.2,,0.2,0.6,0.6,,,0.6,0.6,,0.1,0.2,0.1,,,,0.6,,,,,,,0.2,,,,,,
Payeur2021,gemma-4-31b,2021.0,other,,,,,,,,,,,,,,,,,,,,,,,,,,,,,,,,,,,,,,,,,,,,,,,,,,,,,,,,,,,,,,,,,,,,,,,,,,,,,,,,,,,,,,
Payeur2021,gpt-oss-claude-4.5-sonnet,2021.0,other,,,,,,,,,,,,,,,,,,,,,,,,,,,,,,,,,,,,,,,,,,,,,,,,,,,,,,,,,,,,,,,,,,,,,,,,,,,,,,,,,,,,,,
Payeur2021,gpt-oss-safeguard-120b,2021.0,other,,,,,,,,,,,,,,,,,,,,,,,,,,,,,,,,,,,,,,,,,,,,,,,,,,,,,,,,,,,,,,,,,,,,,,,,,,,,,,,,,,,,,,
Payeur2021,mistral-nemo-12b-thinking,2021.0,other,,,,,,,,,,,,,,,,,,,,,,,,,,,,,,,,,,,,,,,,,,,,,,,,,,,,,,,,,,,,,,,,,,,,,,,,,,,,,,,,,,,,,,
Payeur2021,olmo-3-32b-think,2021.0,other,16.0,16.0,0.388,0.169,0.48,0.204,0.467,0.189,0.4,0.2,0.46,0.185,0.467,0.189,0.2,0.3,0.6,,0.5,0.5,,,0.2,0.2,0.6,,,,,,0.7,0.5,,0.1,0.6,,0.5,,,,,,,0.2,,,0.6,0.6,,,0.2,0.2,0.6,,0.6,0.6,,,0.2,0.2,0.6,,,,,,0.6,0.5,,0.1,0.6,,0.5,,,,,,,0.2,,,0.6,0.6,,
Payeur2021,phi-4-reasoning-plus,2021.0,other,,,,,,,,,,,,,,,,,,,,,,,,,,,,,,,,,,,,,,,,,,,,,,,,,,,,,,,,,,,,,,,,,,,,,,,,,,,,,,,,,,,,,,
Payeur2021,qwen3-14b-gemini-3-pro,2021.0,other,,,,,,,,,,,,,,,,,,,,,,,,,,,,,,,,,,,,,,,,,,,,,,,,,,,,,,,,,,,,,,,,,,,,,,,,,,,,,,,,,,,,,,
Payeur2021,qwen3.5-40b-claude-4.5-opus,2021.0,other,,,,,,,,,,,,,,,,,,,,,,,,,,,,,,,,,,,,,,,,,,,,,,,,,,,,,,,,,,,,,,,,,,,,,,,,,,,,,,,,,,,,,,
Rao2024,deepseek-r1-distill-llama-70b,2024.0,other,27.0,26.0,0.643,0.105,0.745,0.089,0.678,0.063,0.633,0.047,0.745,0.066,0.689,0.11,,,,0.7,0.5,0.8,0.6,,,0.7,0.5,0.7,0.7,0.9,0.8,0.7,0.7,0.7,0.7,0.8,0.9,,0.7,0.6,0.7,0.6,0.7,0.6,0.7,,0.8,0.6,0.7,0.7,,,,,,,0.6,0.7,0.6,,,0.7,0.6,0.6,0.7,0.8,0.8,0.6,0.8,0.8,0.7,0.8,0.7,,0.7,0.8,0.8,0.5,0.7,0.7,0.8,,0.8,0.5,0.7,0.7,,
Rao2024,gemma-3-27b,2024.0,other,17.0,17.0,0.533,0.249,0.417,0.273,0.68,0.098,0.533,0.249,0.517,0.211,0.68,0.098,,,0.2,0.6,0.8,0.6,,,,0.8,,0.2,0.7,,,,0.1,0.5,0.3,,0.1,,,0.8,0.6,0.6,0.8,,,,,,0.6,0.8,,,,,0.2,0.6,0.8,0.6,,,,0.8,,0.2,0.6,,,,0.2,0.7,0.5,,0.3,,,0.8,0.6,0.6,0.8,,,,,,0.6,0.8,,
Rao2024,phi-4-reasoning-plus,2024.0,other,24.0,23.0,0.657,0.118,0.589,0.202,0.8,0.132,0.617,0.09,0.622,0.181,0.812,0.127,,,0.5,,0.6,0.6,0.7,,,0.9,0.6,0.7,0.4,,,,0.5,0.8,0.7,0.6,0.7,0.2,0.5,0.9,0.8,1.0,0.8,,0.7,,0.6,0.7,0.8,1.0,,,,,0.6,,,0.6,0.5,,,0.8,0.6,0.6,0.6,,,,0.6,0.8,0.5,0.6,0.6,0.3,0.6,1.0,0.8,1.0,0.8,,0.8,,0.7,0.6,0.8,1.0,,
Rao2024,qwen3-14b-gemini-3-pro,2024.0,other,14.0,6.0,0.467,0.499,0.762,0.206,0.733,0.094,0.467,0.249,0.7,0.0,0.75,0.05,,,,,1.0,-0.2,,,0.6,,,,0.8,,,0.3,0.8,0.9,,0.9,0.6,,1.0,0.8,,,0.6,,0.8,,0.8,,,,,,,,,0.2,0.8,,,,0.4,,,,,,,,,,,,,,,0.7,,,,,0.7,,0.8,,,,,
Rao&Ballard1999,deepseek-r1-distill-llama-70b,1999.0,other,23.0,23.0,0.625,0.083,0.744,0.171,0.667,0.075,0.688,0.105,0.756,0.117,0.65,0.076,0.6,0.5,0.6,,0.6,0.8,0.7,,,0.6,0.6,,0.9,,0.7,,0.9,0.9,0.4,0.6,0.9,,0.8,0.6,0.6,0.8,0.6,,0.7,,,0.6,,0.7,,,0.6,0.6,0.6,,0.8,0.9,0.7,,,0.7,0.6,,0.8,,0.6,,0.8,0.9,0.9,0.6,0.8,,0.8,0.6,0.6,0.7,0.7,,0.7,,,0.5,,0.7,,
Rao&Ballard1999,gemma-3-27b,1999.0,other,13.0,13.0,0.42,0.194,0.629,0.212,0.6,0.0,0.4,0.179,0.629,0.158,0.6,0.0,,0.3,0.2,,0.7,0.3,,,,0.6,,,0.6,,,,0.8,0.7,0.2,,0.5,,0.9,0.7,,,,,,,,,,0.6,,,,0.2,0.2,,0.6,0.4,,,,0.6,,,0.6,,,,0.8,0.8,0.3,,0.6,,0.7,0.6,,,,,,,,,,0.6,,
Rao&Ballard1999,gemma-4-31b,1999.0,other,,,,,,,,,,,,,,,,,,,,,,,,,,,,,,,,,,,,,,,,,,,,,,,,,,,,,,,,,,,,,,,,,,,,,,,,,,,,,,,,,,,,,,
Rao&Ballard1999,gpt-oss-claude-4.5-sonnet,1999.0,other,,,,,,,,,,,,,,,,,,,,,,,,,,,,,,,,,,,,,,,,,,,,,,,,,,,,,,,,,,,,,,,,,,,,,,,,,,,,,,,,,,,,,,
Rao&Ballard1999,gpt-oss-safeguard-120b,1999.0,other,,,,,,,,,,,,,,,,,,,,,,,,,,,,,,,,,,,,,,,,,,,,,,,,,,,,,,,,,,,,,,,,,,,,,,,,,,,,,,,,,,,,,,
Rao&Ballard1999,mistral-nemo-12b-thinking,1999.0,other,7.0,7.0,0.829,0.103,0.0,0.0,0.0,0.0,0.529,0.103,0.0,0.0,0.0,0.0,0.9,0.8,0.9,0.7,0.8,1.0,0.7,,,,,,,,,,,,,,,,,,,,,,,,,,,,,,0.6,0.6,0.7,0.4,0.5,0.5,0.4,,,,,,,,,,,,,,,,,,,,,,,,,,,,,
Rao&Ballard1999,olmo-3-32b-think,1999.0,other,,,,,,,,,,,,,,,,,,,,,,,,,,,,,,,,,,,,,,,,,,,,,,,,,,,,,,,,,,,,,,,,,,,,,,,,,,,,,,,,,,,,,,
Rao&Ballard1999,phi-4-reasoning-plus,1999.0,other,18.0,13.0,0.54,0.233,0.8,0.206,0.68,0.098,0.667,0.047,0.817,0.037,0.7,0.1,0.6,0.6,,0.1,,0.8,0.6,,,,,,0.8,,,,0.8,0.8,,1.0,0.9,0.3,1.0,0.8,,0.6,0.8,,0.6,,,0.6,,0.8,,,,,,0.6,,0.7,0.7,,,,,,0.8,,,,0.8,0.8,,,0.8,,0.9,0.8,,0.6,0.8,,,,,,0.6,0.8,,
Rao&Ballard1999,qwen3-14b-gemini-3-pro,1999.0,other,13.0,13.0,0.8,0.0,0.775,0.185,0.675,0.148,0.7,0.0,0.625,0.171,0.575,0.192,,,,,,0.8,,,,,,,0.5,,,,1.0,0.7,0.5,0.8,0.9,,1.0,0.8,,,0.7,,0.6,,,0.5,,0.9,,,,,,,,0.7,,,,,,,0.4,,,,0.6,0.5,0.4,0.7,0.7,,0.9,0.8,,,0.7,,0.5,,,0.3,,0.8,,
Rao&Ballard1999,qwen3.5-40b-claude-4.5-opus,1999.0,other,18.0,18.0,0.5,0.185,0.8,0.129,0.72,0.075,0.486,0.21,0.817,0.121,0.68,0.098,0.5,0.3,0.2,,,0.8,0.5,,,0.6,0.6,,0.8,,,,1.0,0.9,,0.6,0.7,,0.8,,0.8,0.7,0.8,,,0.6,,,,0.7,,,0.6,0.2,0.2,,,0.8,0.4,,,0.6,0.6,,0.9,,,,0.9,0.9,,0.6,0.7,,0.9,,0.8,0.7,0.7,,,0.5,,,,0.7,,
Sacramento2018,deepseek-r1-distill-llama-70b,2018.0,other,,,,,,,,,,,,,,,,,,,,,,,,,,,,,,,,,,,,,,,,,,,,,,,,,,,,,,,,,,,,,,,,,,,,,,,,,,,,,,,,,,,,,,
Sacramento2018,gemma-3-27b,2018.0,other,18.0,17.0,0.556,0.189,0.6,0.087,0.2,0.0,0.525,0.198,-0.175,0.043,0.1,0.0,0.6,0.6,0.6,0.8,0.6,0.8,0.2,,,0.3,0.5,,0.5,0.5,0.6,,0.7,0.7,0.7,,0.6,,0.5,,0.2,,,,,,,,,,,,0.6,0.6,0.6,,0.6,0.8,0.2,,,0.2,0.6,,-0.2,-0.2,-0.2,,-0.1,-0.2,-0.2,,-0.1,,-0.2,,0.1,,,,,,,,,,,
Sacramento2018,gemma-4-31b,2018.0,other,,,,,,,,,,,,,,,,,,,,,,,,,,,,,,,,,,,,,,,,,,,,,,,,,,,,,,,,,,,,,,,,,,,,,,,,,,,,,,,,,,,,,,
Sacramento2018,gpt-oss-claude-4.5-sonnet,2018.0,other,,,,,,,,,,,,,,,,,,,,,,,,,,,,,,,,,,,,,,,,,,,,,,,,,,,,,,,,,,,,,,,,,,,,,,,,,,,,,,,,,,,,,,
Sacramento2018,gpt-oss-safeguard-120b,2018.0,other,,,,,,,,,,,,,,,,,,,,,,,,,,,,,,,,,,,,,,,,,,,,,,,,,,,,,,,,,,,,,,,,,,,,,,,,,,,,,,,,,,,,,,
Sacramento2018,mistral-nemo-12b-thinking,2018.0,other,,,,,,,,,,,,,,,,,,,,,,,,,,,,,,,,,,,,,,,,,,,,,,,,,,,,,,,,,,,,,,,,,,,,,,,,,,,,,,,,,,,,,,
Sacramento2018,olmo-3-32b-think,2018.0,other,8.0,8.0,0.925,0.13,0.85,0.15,0.8,0.2,0.9,0.173,-0.1,0.0,0.8,0.2,1.0,,1.0,,,1.0,,,,,0.7,,,,,,,1.0,,,0.7,,,,,,,,,,,,0.6,1.0,,,1.0,,1.0,,,1.0,,,,,0.6,,,,,,,-0.1,,,-0.1,,,,,,,,,,,,0.6,1.0,,
Sacramento2018,phi-4-reasoning-plus,2018.0,other,,,,,,,,,,,,,,,,,,,,,,,,,,,,,,,,,,,,,,,,,,,,,,,,,,,,,,,,,,,,,,,,,,,,,,,,,,,,,,,,,,,,,,
Sacramento2018,qwen3-14b-gemini-3-pro,2018.0,other,,,,,,,,,,,,,,,,,,,,,,,,,,,,,,,,,,,,,,,,,,,,,,,,,,,,,,,,,,,,,,,,,,,,,,,,,,,,,,,,,,,,,,
Sacramento2018,qwen3.5-40b-claude-4.5-opus,2018.0,other,15.0,16.0,0.26,0.383,0.0,0.2,0.133,0.047,0.17,0.385,-0.167,0.047,0.167,0.047,0.5,,0.6,-0.5,-0.4,0.5,0.6,,0.1,0.5,0.3,0.4,,,,,-0.2,,,,0.2,,,,,,,,,,0.1,,0.2,0.1,,,0.5,,0.5,-0.5,-0.4,0.6,0.5,,0.1,0.4,0.2,-0.2,,,,,-0.2,,,,-0.2,,-0.1,,,,,,,,0.2,,0.2,0.1,,
Spratling2008,deepseek-r1-distill-llama-70b,2008.0,other,22.0,22.0,0.656,0.083,0.725,0.083,0.62,0.04,0.544,0.267,0.725,0.12,0.6,0.063,0.7,0.5,0.7,,0.7,0.8,0.6,,0.7,0.6,0.6,,0.7,,0.7,,0.8,,0.7,0.7,0.7,,0.9,0.6,0.6,0.6,0.7,,0.6,,,,,0.6,,,-0.2,0.6,0.7,,0.6,0.7,0.6,,0.6,0.7,0.6,,0.7,,0.6,,0.8,,0.5,0.7,0.8,,0.9,0.8,0.6,0.6,0.7,,0.5,,,,,0.6,,
Spratling2008,gemma-3-27b,2008.0,other,10.0,10.0,0.033,0.499,0.3,0.122,0.0,0.0,0.067,0.512,0.25,0.15,0.0,0.0,-0.6,0.7,-0.3,,,-0.4,0.2,,,0.6,,,0.2,,,,0.3,,,,0.5,,0.2,,,,,,,,,,,,,,-0.6,0.8,-0.2,,,-0.4,0.2,,,0.6,,,0.2,,,,0.2,,,,0.5,,0.1,,,,,,,,,,,,,
Spratling2008,gemma-4-31b,2008.0,other,,,,,,,,,,,,,,,,,,,,,,,,,,,,,,,,,,,,,,,,,,,,,,,,,,,,,,,,,,,,,,,,,,,,,,,,,,,,,,,,,,,,,,
Spratling2008,gpt-oss-claude-4.5-sonnet,2008.0,other,,,,,,,,,,,,,,,,,,,,,,,,,,,,,,,,,,,,,,,,,,,,,,,,,,,,,,,,,,,,,,,,,,,,,,,,,,,,,,,,,,,,,,
Spratling2008,gpt-oss-safeguard-120b,2008.0,other,,,,,,,,,,,,,,,,,,,,,,,,,,,,,,,,,,,,,,,,,,,,,,,,,,,,,,,,,,,,,,,,,,,,,,,,,,,,,,,,,,,,,,
Spratling2008,mistral-nemo-12b-thinking,2008.0,other,,,,,,,,,,,,,,,,,,,,,,,,,,,,,,,,,,,,,,,,,,,,,,,,,,,,,,,,,,,,,,,,,,,,,,,,,,,,,,,,,,,,,,
Spratling2008,olmo-3-32b-think,2008.0,other,9.0,9.0,0.62,0.075,0.65,0.206,0.0,0.0,0.6,0.0,0.65,0.15,0.0,0.0,,0.6,,,,0.7,0.7,,,0.5,0.6,,,,,,0.6,,,0.5,0.5,,1.0,,,,,,,,,,,,,,,0.6,,,,0.6,0.6,,,0.6,0.6,,,,,,0.5,,,0.6,0.6,,0.9,,,,,,,,,,,,,
Spratling2008,phi-4-reasoning-plus,2008.0,other,,,,,,,,,,,,,,,,,,,,,,,,,,,,,,,,,,,,,,,,,,,,,,,,,,,,,,,,,,,,,,,,,,,,,,,,,,,,,,,,,,,,,,
Spratling2008,qwen3-14b-gemini-3-pro,2008.0,other,17.0,16.0,0.2,0.552,0.5,0.278,0.733,0.149,0.24,0.557,0.667,0.236,0.68,0.172,,,,,,-0.7,0.2,,0.7,0.6,,,0.1,,,,0.5,0.7,,0.5,0.5,,0.2,1.0,0.6,0.8,0.6,,0.8,,,,0.6,1.0,,,,,,-0.2,,-0.6,0.4,,0.8,0.8,,,,,,,0.6,0.7,,0.9,0.5,,0.3,1.0,0.5,0.7,0.6,,,,,,0.6,1.0,,
Spratling2008,qwen3.5-40b-claude-4.5-opus,2008.0,other,10.0,10.0,0.62,0.117,0.75,0.166,0.4,0.0,0.66,0.102,0.7,0.071,0.4,0.0,0.7,0.7,,,,0.7,0.4,,,0.6,,,0.9,,,,0.7,,,,0.5,,0.9,,0.4,,,,,,,,,,,,0.8,0.7,,,,0.7,0.5,,,0.6,,,0.8,,,,0.7,,,,0.6,,0.7,,0.4,,,,,,,,,,,
Spratling2010,deepseek-r1-distill-llama-70b,2010.0,other,23.0,24.0,0.588,0.611,0.8,0.52,0.067,0.754,0.167,0.724,0.7,0.528,0.033,0.732,0.9,1.0,0.6,,-1.0,0.8,0.9,,,0.7,0.8,,0.9,1.0,1.0,1.0,1.0,0.9,0.7,1.0,1.0,1.0,1.0,-0.9,,,,,,,-1.0,0.6,,0.6,,,-0.5,0.6,0.5,-1.0,-1.0,0.7,0.7,,,0.7,0.8,,0.8,1.0,1.0,0.9,0.8,1.0,0.7,0.6,0.8,1.0,0.8,-1.0,,,,,,,-1.0,0.5,,0.6,,
Spratling2010,gemma-3-27b,2010.0,other,15.0,14.0,0.433,0.254,0.55,0.112,0.0,0.0,0.45,0.212,0.517,0.107,0.0,0.0,0.7,0.9,0.6,0.2,0.2,0.6,0.3,,,0.2,0.2,,0.5,0.5,0.5,,0.7,,,,0.4,,0.7,,,,,,,,,,,,,,0.6,0.8,0.6,,0.3,0.6,0.3,,,0.2,0.2,,0.6,0.6,0.6,,0.5,,,,0.3,,0.5,,,,,,,,,,,,,
Spratling2010,gemma-4-31b,2010.0,other,,,,,,,,,,,,,,,,,,,,,,,,,,,,,,,,,,,,,,,,,,,,,,,,,,,,,,,,,,,,,,,,,,,,,,,,,,,,,,,,,,,,,,
Spratling2010,gpt-oss-claude-4.5-sonnet,2010.0,other,,,,,,,,,,,,,,,,,,,,,,,,,,,,,,,,,,,,,,,,,,,,,,,,,,,,,,,,,,,,,,,,,,,,,,,,,,,,,,,,,,,,,,
Spratling2010,gpt-oss-safeguard-120b,2010.0,other,,,,,,,,,,,,,,,,,,,,,,,,,,,,,,,,,,,,,,,,,,,,,,,,,,,,,,,,,,,,,,,,,,,,,,,,,,,,,,,,,,,,,,
Spratling2010,mistral-nemo-12b-thinking,2010.0,other,,,,,,,,,,,,,,,,,,,,,,,,,,,,,,,,,,,,,,,,,,,,,,,,,,,,,,,,,,,,,,,,,,,,,,,,,,,,,,,,,,,,,,
Spratling2010,olmo-3-32b-think,2010.0,other,,,,,,,,,,,,,,,,,,,,,,,,,,,,,,,,,,,,,,,,,,,,,,,,,,,,,,,,,,,,,,,,,,,,,,,,,,,,,,,,,,,,,,
Spratling2010,phi-4-reasoning-plus,2010.0,other,15.0,10.0,0.56,0.45,0.7,0.173,0.525,0.217,0.317,0.59,0.0,0.0,0.525,0.217,,0.6,0.7,,-0.3,1.0,0.8,,,,,,0.5,,,,0.6,,0.9,0.8,0.5,,0.9,,,,,,0.6,,0.8,0.5,0.2,,,,,0.6,0.6,-0.6,-0.4,0.9,0.8,,,,,,,,,,,,,,,,,,,,,,0.6,,0.8,0.5,0.2,,,
Spratling2010,qwen3-14b-gemini-3-pro,2010.0,other,9.0,9.0,0.7,0.424,0.7,0.356,0.0,0.0,0.733,0.442,0.633,0.386,0.0,0.0,,0.9,1.0,,-0.2,0.9,0.6,,,1.0,,,,,,,0.2,,,,0.9,,1.0,,,,,,,,,,,,,,,1.0,1.0,,-0.2,1.0,0.6,,,1.0,,,,,,,0.1,,,,0.8,,1.0,,,,,,,,,,,,,
Spratling2010,qwen3.5-40b-claude-4.5-opus,2010.0,other,22.0,22.0,0.444,0.422,0.456,0.462,0.4,0.141,0.478,0.434,0.478,0.421,0.375,0.148,-0.2,0.7,1.0,-0.2,0.1,0.9,0.7,,,0.5,0.5,,-0.7,0.8,0.8,0.7,0.6,,,0.1,0.8,,0.6,0.4,,,,,,0.4,0.2,0.4,,0.6,,,-0.2,0.8,1.0,-0.2,0.1,0.9,0.7,,,0.6,0.6,,-0.6,0.8,0.8,0.6,0.6,,,0.2,0.8,,0.6,0.5,,,,,,0.4,0.2,0.3,,0.6,,
Srinivasan1982,deepseek-r1-distill-llama-70b,1982.0,other,13.0,13.0,0.886,0.136,0.96,0.049,0.8,0.0,0.886,0.112,0.98,0.04,0.8,0.0,1.0,,1.0,,0.6,1.0,0.8,,,0.9,0.9,,0.9,,,,1.0,,,1.0,1.0,,0.9,,,,,,,,,0.8,,,,,1.0,,1.0,,0.7,1.0,0.9,,,0.8,0.8,,1.0,,,,1.0,,,0.9,1.0,,1.0,,,,,,,,,0.8,,,,
Srinivasan1982,gemma-3-27b,1982.0,other,6.0,6.0,0.583,0.203,0.0,0.0,0.0,0.0,0.617,0.203,0.0,0.0,0.0,0.0,0.8,0.5,0.6,,0.2,0.8,0.6,,,,,,,,,,,,,,,,,,,,,,,,,,,,,,0.8,0.6,0.7,,0.2,0.8,0.6,,,,,,,,,,,,,,,,,,,,,,,,,,,,,
Srinivasan1982,gemma-4-31b,1982.0,other,,,,,,,,,,,,,,,,,,,,,,,,,,,,,,,,,,,,,,,,,,,,,,,,,,,,,,,,,,,,,,,,,,,,,,,,,,,,,,,,,,,,,,
Srinivasan1982,gpt-oss-claude-4.5-sonnet,1982.0,other,5.0,5.0,0.66,0.383,0.0,0.0,0.0,0.0,0.68,0.392,0.0,0.0,0.0,0.0,1.0,,,,0.3,0.9,1.0,,,0.1,,,,,,,,,,,,,,,,,,,,,,,,,,,1.0,,,,0.2,1.0,1.0,,,0.2,,,,,,,,,,,,,,,,,,,,,,,,,,
Srinivasan1982,gpt-oss-safeguard-120b,1982.0,other,,,,,,,,,,,,,,,,,,,,,,,,,,,,,,,,,,,,,,,,,,,,,,,,,,,,,,,,,,,,,,,,,,,,,,,,,,,,,,,,,,,,,,
Srinivasan1982,mistral-nemo-12b-thinking,1982.0,other,20.0,20.0,0.914,0.099,1.0,0.0,1.0,0.0,0.943,0.09,0.971,0.045,0.967,0.047,0.9,,1.0,,1.0,0.9,,0.7,,0.9,1.0,,1.0,,,1.0,1.0,,1.0,,1.0,,1.0,1.0,,1.0,,1.0,1.0,,1.0,1.0,,1.0,,,1.0,,1.0,,1.0,1.0,,0.8,,0.8,1.0,,1.0,,,1.0,0.9,,0.9,,1.0,,1.0,1.0,,0.9,,0.9,1.0,,1.0,1.0,,1.0,,
Srinivasan1982,olmo-3-32b-think,1982.0,other,,,,,,,,,,,,,,,,,,,,,,,,,,,,,,,,,,,,,,,,,,,,,,,,,,,,,,,,,,,,,,,,,,,,,,,,,,,,,,,,,,,,,,
Srinivasan1982,phi-4-reasoning-plus,1982.0,other,7.0,7.0,0.817,0.203,0.0,0.0,0.8,0.0,0.833,0.18,0.0,0.0,1.0,0.0,1.0,,0.6,,,1.0,1.0,,,0.5,0.8,,,,,,,,,,,,,,,,,,,,,,0.8,,,,1.0,,0.6,,,1.0,1.0,,,0.6,0.8,,,,,,,,,,,,,,,,,,,,,,1.0,,,
Srinivasan1982,qwen3-14b-gemini-3-pro,1982.0,other,9.0,9.0,0.675,0.259,0.84,0.136,0.0,0.0,0.65,0.296,0.86,0.12,0.0,0.0,1.0,,,,0.3,0.8,,,,0.6,,,0.9,,,,0.9,,,0.6,0.8,,1.0,,,,,,,,,,,,,,1.0,,,,0.2,0.8,,,,0.6,,,0.8,,,,1.0,,,0.7,0.8,,1.0,,,,,,,,,,,,,
Srinivasan1982,qwen3.5-40b-claude-4.5-opus,1982.0,other,21.0,27.0,0.46,0.326,0.367,0.17,-0.04,0.206,0.3,0.33,0.19,0.301,0.07,0.149,0.8,,,,,0.7,0.6,,,0.3,-0.1,,0.5,,,,0.5,,,0.2,0.2,,0.6,0.2,0.1,-0.2,-0.3,0.1,-0.2,,-0.2,0.2,-0.3,0.2,,0.2,0.8,,,0.1,-0.2,0.7,0.4,,0.1,,,0.2,0.4,-0.2,0.1,-0.3,0.6,,0.2,0.2,0.4,-0.1,0.6,,0.2,-0.1,0.1,-0.1,0.3,,0.1,0.1,-0.2,0.1,,0.2
VanDerveer2021,deepseek-r1-distill-llama-70b,2021.0,empirical,19.0,19.0,0.686,0.21,0.686,0.146,0.6,0.0,0.743,0.213,0.629,0.158,0.62,0.04,0.9,,0.8,,0.3,0.8,,0.9,,0.5,0.6,,0.7,,,0.7,,0.6,0.7,0.5,,,0.6,1.0,0.6,,0.6,,0.6,,,0.6,,0.6,,,0.9,,0.9,,0.3,0.9,,0.9,,0.6,0.7,,0.6,,,0.5,,0.5,0.6,0.6,,,0.6,1.0,0.7,,0.6,,0.6,,,0.6,,0.6,,
VanDerveer2021,gemma-3-27b,2021.0,empirical,8.0,8.0,0.16,0.383,0.367,0.17,0.0,0.0,0.12,0.627,0.767,0.125,0.0,0.0,0.6,,0.1,,,-0.3,,0.6,,,-0.2,,0.2,,,,,0.6,,,,,,0.3,,,,,,,,,,,,,0.8,,0.2,,,-0.6,,0.8,,,-0.6,,0.6,,,,,0.9,,,,,,0.8,,,,,,,,,,,,
VanDerveer2021,gemma-4-31b,2021.0,empirical,,,,,,,,,,,,,,,,,,,,,,,,,,,,,,,,,,,,,,,,,,,,,,,,,,,,,,,,,,,,,,,,,,,,,,,,,,,,,,,,,,,,,,
VanDerveer2021,gpt-oss-claude-4.5-sonnet,2021.0,empirical,,,,,,,,,,,,,,,,,,,,,,,,,,,,,,,,,,,,,,,,,,,,,,,,,,,,,,,,,,,,,,,,,,,,,,,,,,,,,,,,,,,,,,
VanDerveer2021,gpt-oss-safeguard-120b,2021.0,empirical,,,,,,,,,,,,,,,,,,,,,,,,,,,,,,,,,,,,,,,,,,,,,,,,,,,,,,,,,,,,,,,,,,,,,,,,,,,,,,,,,,,,,,
VanDerveer2021,mistral-nemo-12b-thinking,2021.0,empirical,16.0,20.0,0.383,0.254,0.575,0.198,0.8,0.0,0.222,0.225,0.533,0.258,0.75,0.05,0.9,,,0.2,0.2,0.5,0.2,,0.3,,,,0.7,0.4,,0.8,0.3,0.3,0.6,,,0.8,,0.7,,0.8,,,,,,0.8,,,,,0.5,-0.2,,0.2,0.1,0.6,0.3,0.1,0.3,0.1,,,0.8,0.3,0.1,0.8,0.3,0.4,0.5,,,0.8,,0.8,,0.8,,,,,,0.7,,,,
VanDerveer2021,olmo-3-32b-think,2021.0,empirical,,,,,,,,,,,,,,,,,,,,,,,,,,,,,,,,,,,,,,,,,,,,,,,,,,,,,,,,,,,,,,,,,,,,,,,,,,,,,,,,,,,,,,
VanDerveer2021,phi-4-reasoning-plus,2021.0,empirical,28.0,25.0,0.5,0.279,0.755,0.227,0.686,0.099,0.425,0.185,0.65,0.211,0.686,0.112,0.2,1.0,0.7,0.8,0.5,0.7,0.2,0.2,,0.2,0.5,,1.0,0.2,0.7,0.9,0.8,0.9,1.0,0.5,0.9,,0.7,0.7,0.8,0.6,0.8,,0.6,,0.8,0.6,,0.6,,,0.2,0.6,0.6,,,0.6,0.2,0.4,,0.2,0.6,,1.0,0.2,0.8,0.9,0.6,0.6,0.5,,0.6,,0.7,0.6,0.9,0.6,0.7,,0.6,,0.8,0.6,,0.6,,
VanDerveer2021,qwen3-14b-gemini-3-pro,2021.0,empirical,10.0,10.0,0.712,0.257,0.6,0.1,0.0,0.0,0.925,0.139,0.9,0.1,0.0,0.0,0.3,,1.0,0.9,0.5,0.8,,0.4,1.0,,0.8,,,,,,,0.7,0.5,,,,,,,,,,,,,,,,,,1.0,,1.0,1.0,0.8,1.0,,0.6,1.0,,1.0,,,,,,,1.0,0.8,,,,,,,,,,,,,,,,,
VanDerveer2021,qwen3.5-40b-claude-4.5-opus,2021.0,empirical,29.0,26.0,0.482,0.307,0.6,0.095,0.414,0.188,0.455,0.271,0.618,0.103,0.425,0.13,0.7,0.6,0.5,0.3,-0.4,0.6,,0.7,0.7,0.5,0.4,0.7,0.6,0.6,0.7,0.5,0.6,0.8,0.6,0.5,0.5,,0.5,0.7,0.6,,0.2,,0.6,0.6,0.5,0.2,,0.2,,,0.6,0.5,0.4,0.2,-0.3,0.6,,0.6,0.7,0.6,0.5,0.6,0.6,0.6,0.6,0.7,0.6,0.9,0.6,0.5,0.6,,0.5,0.6,0.5,,0.2,,0.5,,0.5,,,,,
Wacongne2012,deepseek-r1-distill-llama-70b,2012.0,empirical,27.0,23.0,0.389,0.748,0.882,0.127,0.857,0.14,0.429,0.904,0.95,0.12,0.683,0.426,0.8,,0.7,-1.0,-1.0,0.8,,0.7,,0.8,0.7,1.0,1.0,0.8,1.0,0.6,0.9,1.0,0.9,0.9,0.9,,1.0,0.7,1.0,0.8,0.8,,0.6,,1.0,1.0,0.8,,,,,,1.0,-1.0,-1.0,1.0,,,,1.0,1.0,1.0,1.0,1.0,1.0,,1.0,1.0,0.9,1.0,1.0,,1.0,0.6,1.0,-0.2,0.7,,0.6,,1.0,1.0,,,,
Wacongne2012,gemma-3-27b,2012.0,empirical,18.0,18.0,0.213,0.355,0.575,0.156,0.1,0.0,0.25,0.354,0.562,0.158,0.15,0.05,0.1,0.2,0.2,-0.3,-0.3,0.6,,,,0.5,,0.7,0.6,0.6,0.8,,0.6,0.6,0.6,,0.2,,0.6,,0.1,,,,,,,,0.1,,,,0.2,0.2,0.2,-0.3,-0.2,0.6,,,,0.5,,0.8,0.6,0.5,0.7,,0.5,0.6,0.7,,0.2,,0.7,,0.2,,,,,,,,0.1,,,
Wacongne2012,gemma-4-31b,2012.0,empirical,,,,,,,,,,,,,,,,,,,,,,,,,,,,,,,,,,,,,,,,,,,,,,,,,,,,,,,,,,,,,,,,,,,,,,,,,,,,,,,,,,,,,,
Wacongne2012,gpt-oss-claude-4.5-sonnet,2012.0,empirical,,,,,,,,,,,,,,,,,,,,,,,,,,,,,,,,,,,,,,,,,,,,,,,,,,,,,,,,,,,,,,,,,,,,,,,,,,,,,,,,,,,,,,
Wacongne2012,gpt-oss-safeguard-120b,2012.0,empirical,,,,,,,,,,,,,,,,,,,,,,,,,,,,,,,,,,,,,,,,,,,,,,,,,,,,,,,,,,,,,,,,,,,,,,,,,,,,,,,,,,,,,,
Wacongne2012,mistral-nemo-12b-thinking,2012.0,empirical,17.0,0.0,0.0,0.0,0.812,0.093,0.622,0.063,0.0,0.0,0.0,0.0,0.0,0.0,,,,,,,,,,,,,0.8,,,,0.9,0.9,0.8,,0.9,0.6,0.8,0.8,0.6,0.6,0.6,0.6,0.6,,0.6,0.6,0.6,0.8,,,,,,,,,,,,,,,,,,,,,,,,,,,,,,,,,,,,,,
Wacongne2012,olmo-3-32b-think,2012.0,empirical,16.0,16.0,0.757,0.555,0.989,0.031,0.0,0.0,0.771,0.56,0.967,0.047,0.0,0.0,1.0,,1.0,-0.6,1.0,1.0,,,,,0.9,1.0,,1.0,1.0,,1.0,1.0,0.9,1.0,1.0,1.0,1.0,,,,,,,,,,,,,,1.0,,1.0,-0.6,1.0,1.0,,,,,1.0,1.0,,1.0,1.0,,0.9,1.0,0.9,1.0,0.9,1.0,1.0,,,,,,,,,,,,,
Wacongne2012,phi-4-reasoning-plus,2012.0,empirical,25.0,25.0,0.425,0.832,0.63,0.338,0.8,0.151,0.388,0.81,0.61,0.373,0.686,0.383,0.6,,0.9,-1.0,-1.0,1.0,,,,1.0,0.9,1.0,0.2,0.6,1.0,,0.3,1.0,1.0,1.0,0.2,,0.3,0.7,1.0,,0.8,,0.6,,0.8,1.0,0.8,0.6,,,0.6,,1.0,-1.0,-1.0,0.9,,,,0.8,0.8,1.0,0.2,0.7,1.0,,0.1,1.0,1.0,1.0,0.2,,0.2,0.7,0.9,,0.9,,0.7,,0.9,1.0,-0.2,0.6,,
Wacongne2012,qwen3-14b-gemini-3-pro,2012.0,empirical,14.0,14.0,-0.04,0.789,0.733,0.323,0.0,0.0,-0.04,0.814,0.744,0.334,0.0,0.0,,,0.1,-1.0,-0.9,,,,,0.7,,0.9,0.9,0.2,0.9,,1.0,1.0,0.7,0.1,0.9,,0.9,,,,,,,,,,,,,,,,0.2,-1.0,-1.0,,,,,0.8,,0.8,1.0,0.2,0.8,,0.9,1.0,0.7,0.1,1.0,,1.0,,,,,,,,,,,,,
Wacongne2012,qwen3.5-40b-claude-4.5-opus,2012.0,empirical,27.0,27.0,0.411,0.509,0.76,0.102,0.488,0.169,0.378,0.498,0.72,0.075,0.5,0.158,0.5,,0.8,-0.5,-0.5,0.8,0.6,,,0.4,0.7,0.9,0.8,0.6,0.7,,0.8,0.8,0.9,0.8,0.7,,0.9,0.6,0.6,0.6,,,0.8,0.3,0.5,,0.3,0.5,0.3,,0.4,,0.8,-0.5,-0.5,0.8,0.5,,,0.4,0.6,0.9,0.8,0.6,0.8,,0.7,0.8,0.8,0.7,0.7,,0.6,0.7,0.6,0.6,,,0.8,0.4,0.5,,0.3,0.5,0.3,
Wacongne2011,deepseek-r1-distill-llama-70b,2011.0,empirical,19.0,19.0,0.48,0.605,0.762,0.132,0.867,0.149,0.44,0.637,0.8,0.194,0.783,0.167,,,,0.6,-0.7,0.8,,,,0.7,,1.0,0.6,,,,0.8,0.6,,0.9,0.8,0.7,0.7,1.0,,0.8,0.8,0.6,1.0,,,,1.0,1.0,,,,,,0.6,-0.8,0.6,,,,0.8,,1.0,0.6,,,,0.9,0.5,,1.0,1.0,0.6,1.0,0.8,,0.7,0.6,0.6,1.0,,,,1.0,0.8,,
Wacongne2011,gemma-3-27b,2011.0,empirical,13.0,13.0,0.46,0.25,0.575,0.13,0.5,0.224,0.56,0.162,0.575,0.249,0.575,0.249,,,,0.2,0.2,0.4,,,,0.7,,0.8,0.5,,,,0.4,,,,,,0.7,0.7,,0.4,0.6,,,0.2,,,,0.8,,,,,,0.6,0.3,0.5,,,,0.6,,0.8,0.6,,,,0.2,,,,,,0.6,0.9,,0.5,0.8,,,0.2,,,,0.8,,
Wacongne2011,gemma-4-31b,2011.0,empirical,,,,,,,,,,,,,,,,,,,,,,,,,,,,,,,,,,,,,,,,,,,,,,,,,,,,,,,,,,,,,,,,,,,,,,,,,,,,,,,,,,,,,,
Wacongne2011,gpt-oss-claude-4.5-sonnet,2011.0,empirical,,,,,,,,,,,,,,,,,,,,,,,,,,,,,,,,,,,,,,,,,,,,,,,,,,,,,,,,,,,,,,,,,,,,,,,,,,,,,,,,,,,,,,
Wacongne2011,gpt-oss-safeguard-120b,2011.0,empirical,,,,,,,,,,,,,,,,,,,,,,,,,,,,,,,,,,,,,,,,,,,,,,,,,,,,,,,,,,,,,,,,,,,,,,,,,,,,,,,,,,,,,,
Wacongne2011,mistral-nemo-12b-thinking,2011.0,empirical,11.0,0.0,0.555,0.223,0.0,0.0,0.0,0.0,0.0,0.0,0.0,0.0,0.0,0.0,0.9,0.5,0.7,0.5,0.1,0.7,0.6,0.5,0.2,0.7,0.7,,,,,,,,,,,,,,,,,,,,,,,,,,,,,,,,,,,,,,,,,,,,,,,,,,,,,,,,,,,,,
Wacongne2011,olmo-3-32b-think,2011.0,empirical,,,,,,,,,,,,,,,,,,,,,,,,,,,,,,,,,,,,,,,,,,,,,,,,,,,,,,,,,,,,,,,,,,,,,,,,,,,,,,,,,,,,,,
Wacongne2011,phi-4-reasoning-plus,2011.0,empirical,16.0,14.0,0.257,0.558,0.85,0.189,0.5,0.216,0.2,0.558,0.625,0.238,0.7,0.082,,,0.6,-0.6,-0.5,0.7,,,,0.3,0.3,1.0,1.0,,,,1.0,,,,0.7,0.5,1.0,0.9,,,0.6,,,,,,0.2,0.7,,,,,0.6,-0.6,-0.6,0.7,,,,0.2,0.2,0.9,0.8,,,,,,,,0.3,0.5,,0.9,,,0.7,,,,,,0.6,0.8,,
Wacongne2011,qwen3-14b-gemini-3-pro,2011.0,empirical,6.0,6.0,0.0,1.0,0.967,0.047,1.0,0.0,0.0,1.0,0.967,0.047,1.0,0.0,,,,,-1.0,,,,,,,1.0,1.0,,,,1.0,,,,,,,0.9,,,,,,,,,,1.0,,,,,,-1.0,,,,,,,,1.0,1.0,,,,0.9,,,,,,,1.0,,,,,,,,,,1.0,,
Wacongne2011,qwen3.5-40b-claude-4.5-opus,2011.0,empirical,5.0,4.0,0.533,0.33,0.2,0.0,0.2,0.0,0.8,0.2,0.2,0.0,0.1,0.0,,,,0.1,,0.6,,,,,,0.9,0.2,,,,,,,,,,,,,,0.2,,,,,,,,,,,,,,,0.6,,,,,,1.0,0.2,,,,,,,,,,,,,,0.1,,,,,,,,,
Westerberg&Xiong2025,deepseek-r1-distill-llama-70b,2025.0,empirical,23.0,24.0,0.012,0.655,0.475,0.561,0.186,0.753,-0.556,0.638,-0.7,0.173,-0.286,0.533,0.7,0.6,0.7,,0.2,0.1,-0.2,,-1.0,,-1.0,,,0.7,-0.2,0.7,,0.9,-0.7,0.8,,0.6,,1.0,0.6,-1.0,,0.6,0.7,,,0.6,-1.0,0.8,,,-0.8,-0.8,-0.6,0.8,-1.0,0.4,-1.0,,-1.0,,-1.0,,-0.8,-0.5,-0.6,-0.6,-0.9,,-0.5,,-0.7,,-1.0,,-0.1,-1.0,0.3,-0.6,,,,0.3,-1.0,0.1,,
Westerberg&Xiong2025,gemma-3-27b,2025.0,empirical,13.0,13.0,0.433,0.544,0.4,0.384,0.0,0.6,-0.867,0.189,-0.488,0.645,-0.2,0.4,,,,1.0,0.6,-0.3,,,,,,,0.3,,,,,0.7,-0.3,0.1,0.7,0.8,0.1,0.8,-0.6,,0.6,,,,,,,,,,-1.0,-1.0,-0.6,,,,,,,,,,-0.8,,,,-0.9,-0.5,0.6,-1.0,-0.9,,-1.0,0.6,-0.6,,0.2,,,,,,,,,
Westerberg&Xiong2025,gemma-4-31b,2025.0,empirical,,,,,,,,,,,,,,,,,,,,,,,,,,,,,,,,,,,,,,,,,,,,,,,,,,,,,,,,,,,,,,,,,,,,,,,,,,,,,,,,,,,,,,
Westerberg&Xiong2025,gpt-oss-claude-4.5-sonnet,2025.0,empirical,,,,,,,,,,,,,,,,,,,,,,,,,,,,,,,,,,,,,,,,,,,,,,,,,,,,,,,,,,,,,,,,,,,,,,,,,,,,,,,,,,,,,,
Westerberg&Xiong2025,gpt-oss-safeguard-120b,2025.0,empirical,,,,,,,,,,,,,,,,,,,,,,,,,,,,,,,,,,,,,,,,,,,,,,,,,,,,,,,,,,,,,,,,,,,,,,,,,,,,,,,,,,,,,,
Westerberg&Xiong2025,mistral-nemo-12b-thinking,2025.0,empirical,19.0,24.0,0.043,0.703,0.788,0.078,0.8,0.0,-0.27,0.417,-0.13,0.372,-0.2,0.49,,,0.9,-0.4,0.8,-0.4,-0.9,,,0.8,,-0.5,0.9,,,0.8,0.7,0.9,,0.8,0.7,,0.8,0.7,0.8,,0.8,,0.8,,,0.8,,,,,0.5,-0.2,-0.5,-0.2,0.5,-0.5,-0.8,-0.5,,-0.5,,-0.5,0.5,-0.2,-0.5,-0.1,0.6,-0.3,,-0.5,-0.1,,-0.5,-0.2,0.6,,-0.6,,-0.2,,,-0.6,,,,
Westerberg&Xiong2025,olmo-3-32b-think,2025.0,empirical,,,,,,,,,,,,,,,,,,,,,,,,,,,,,,,,,,,,,,,,,,,,,,,,,,,,,,,,,,,,,,,,,,,,,,,,,,,,,,,,,,,,,,
Westerberg&Xiong2025,phi-4-reasoning-plus,2025.0,empirical,21.0,24.0,-0.386,0.412,0.662,0.173,0.633,0.16,-0.72,0.098,-0.717,0.191,-0.814,0.136,-0.7,-0.5,-0.4,,0.6,-0.6,,,-0.5,,-0.6,,0.8,,,,0.3,0.6,,0.6,0.8,0.6,0.9,0.7,0.6,,0.8,,0.3,,,0.7,0.7,0.7,,,-0.8,-0.8,-0.8,,,,,,-0.6,,-0.6,,-0.8,-0.6,-0.6,-0.7,-1.0,-0.5,-0.5,-0.8,-1.0,-0.5,-1.0,-0.6,-1.0,-0.7,-1.0,,-0.8,,,-0.6,-0.8,-0.8,,
Westerberg&Xiong2025,qwen3-14b-gemini-3-pro,2025.0,empirical,15.0,13.0,-0.4,0.733,-0.3,0.86,0.867,0.189,-0.1,0.592,-0.283,0.914,0.867,0.189,-0.9,,-0.6,1.0,-1.0,-1.0,,,,0.1,,,-1.0,,,,,0.9,,-1.0,-0.6,,-1.0,0.9,,,0.6,,,,,1.0,,1.0,,,-1.0,,-0.2,,,0.6,,,,0.2,,,-1.0,,,,,1.0,,-1.0,-0.7,,-1.0,1.0,,,0.6,,,,,1.0,,1.0,,
Westerberg&Xiong2025,qwen3.5-40b-claude-4.5-opus,2025.0,empirical,25.0,21.0,-0.457,0.354,0.573,0.379,0.657,0.09,-0.68,0.16,-0.87,0.078,-0.317,0.667,-0.4,-0.4,-0.4,-0.8,0.3,-0.8,,,,,-0.7,,0.8,1.0,0.6,,0.5,1.0,-0.5,0.6,0.6,0.6,0.5,0.6,,0.6,0.6,,0.6,0.8,,0.6,,0.6,0.8,,-0.8,-0.8,-0.8,,,-0.6,,,,,-0.4,,-0.8,-1.0,-1.0,,-0.8,-0.8,,-0.8,-0.8,-0.9,-0.9,-0.9,,-1.0,-0.9,,0.5,-0.6,,0.7,,,-0.6,
Yamins2014,deepseek-r1-distill-llama-70b,2014.0,other,,,,,,,,,,,,,,,,,,,,,,,,,,,,,,,,,,,,,,,,,,,,,,,,,,,,,,,,,,,,,,,,,,,,,,,,,,,,,,,,,,,,,,
Yamins2014,gemma-3-27b,2014.0,other,18.0,17.0,0.456,0.222,0.6,0.053,0.2,0.0,0.425,0.233,0.4,0.0,0.2,0.0,0.2,0.6,0.5,0.7,0.6,0.8,0.3,,,0.2,0.2,,,0.6,0.6,,0.6,0.7,0.6,,0.6,,0.5,,,,,,,0.2,,,,0.2,,,0.2,0.6,0.6,,0.6,0.8,0.2,,,0.2,0.2,,,0.4,0.4,,0.4,0.4,0.4,,0.4,,0.4,,,,,,,0.2,,,,0.2,,
Yamins2014,gemma-4-31b,2014.0,other,,,,,,,,,,,,,,,,,,,,,,,,,,,,,,,,,,,,,,,,,,,,,,,,,,,,,,,,,,,,,,,,,,,,,,,,,,,,,,,,,,,,,,
Yamins2014,gpt-oss-claude-4.5-sonnet,2014.0,other,1.0,1.0,0.0,0.0,0.7,0.0,0.0,0.0,0.0,0.0,0.4,0.0,0.0,0.0,,,,,,,,,,,,,,,,,0.7,,,,,,,,,,,,,,,,,,,,,,,,,,,,,,,,,,,,0.4,,,,,,,,,,,,,,,,,,,
Yamins2014,gpt-oss-safeguard-120b,2014.0,other,,,,,,,,,,,,,,,,,,,,,,,,,,,,,,,,,,,,,,,,,,,,,,,,,,,,,,,,,,,,,,,,,,,,,,,,,,,,,,,,,,,,,,
Yamins2014,mistral-nemo-12b-thinking,2014.0,other,,,,,,,,,,,,,,,,,,,,,,,,,,,,,,,,,,,,,,,,,,,,,,,,,,,,,,,,,,,,,,,,,,,,,,,,,,,,,,,,,,,,,,
Yamins2014,olmo-3-32b-think,2014.0,other,,,,,,,,,,,,,,,,,,,,,,,,,,,,,,,,,,,,,,,,,,,,,,,,,,,,,,,,,,,,,,,,,,,,,,,,,,,,,,,,,,,,,,
Yamins2014,phi-4-reasoning-plus,2014.0,other,,,,,,,,,,,,,,,,,,,,,,,,,,,,,,,,,,,,,,,,,,,,,,,,,,,,,,,,,,,,,,,,,,,,,,,,,,,,,,,,,,,,,,
Yamins2014,qwen3-14b-gemini-3-pro,2014.0,other,,,,,,,,,,,,,,,,,,,,,,,,,,,,,,,,,,,,,,,,,,,,,,,,,,,,,,,,,,,,,,,,,,,,,,,,,,,,,,,,,,,,,,
Yamins2014,qwen3.5-40b-claude-4.5-opus,2014.0,other,2.0,2.0,0.0,0.0,0.2,0.0,0.2,0.0,0.0,0.0,0.3,0.0,0.2,0.0,,,,,,,,,,,,,,,,,,,,,0.2,,,,,,,,,,,,,,0.2,,,,,,,,,,,,,,,,,,,,,,0.3,,,,,,,,,,,,,,0.2,
